ID,Total Rarity Score,Rarity #,Background,Rarity,Back Accessory,Rarity,Body,Rarity,Clothes,Rarity,Mouth,Rarity,Eyes,Rarity,Wield,Rarity,Accessory,Rarity,Head,Rarity,Earring,Rarity
00001,855.3490026,7,Mead Hall,333,Medieval Sword,14.47826087,Silver,25.61538462,None,23.78571429,Silver Teeth Silver Tongue,41.625,Scarred Eye,33.3,Wooden Beer Stein,13.875,Brown Mutton Chops and Goatee,20.8125,Armored Mask Silver Horns,333,MultiHoops,15.85714286
00002,307.5521798,53,Art Studio,33.3,Rainbow Wings,33.3,Purple,10.74193548,Magic Robe,37,Gold Teeth Tongue One,37,Dark Eye,37,Magnifying Glass,33.3,Brown Mutton Chops and Goatee,20.8125,Armored Mask Curled Horns,47.57142857,Corkscrew,17.52631579
00003,573.8268351,8,Apple Pop,55.5,None,1.640394089,Purple,10.74193548,Dumber Blue Suit,47.57142857,Gold Teeth Gold Tongue,333,Eye Three,27.75,Red Wine Glass,12.80769231,Cigar,22.2,Silver Horns,37,Bent Nail,25.61538462
00004,306.3198017,55,Watermelon Man,37,Blue Wings,30.27272727,Purple,10.74193548,Holy Robe,30.27272727,Perfect Teeth Tongue Two,55.5,Monocle,37,Shrimp and White Wine Glass,15.85714286,Goatee,12.33333333,Spiky Black Hair,66.6,Diamond,10.74193548
00005,251.3677861,160,Pool,23.78571429,Red Ninja Swords,27.75,Dark,18.5,Black Ninja Robe,25.61538462,Silver Teeth Tongue Five,47.57142857,Dark Eye,37,Dark Flower,16.65,Brown Mutton Chops and Goatee,20.8125,Party Hat,22.2,Ruby,11.48275862
00006,267.6108275,122,Tangarine Dream,33.3,None,1.640394089,Dark Blue,22.2,Sport Coat,33.3,Perfect Teeth Gold Tongue,83.25,Eye Four  Purple,22.2,Tiki Glass,16.65,None,9.794117647,Devil Horns,27.75,Corkscrew,17.52631579
00007,281.562429,93,Apple Pop,55.5,Blue Surf Board,20.8125,Barney,15.85714286,None,23.78571429,Gold Teeth Tongue Four,47.57142857,Eye Four  Green,18.5,Drunken Master Gourd,20.8125,Carrot,41.625,Blue Hair,25.61538462,Ruby,11.48275862
00008,247.1912338,179,Fresh Squeezed,33.3,Red Ninja Swords,27.75,Yellow,15.13636364,Funeral Suit,30.27272727,Silver Teeth Tongue Three,27.75,Eye One  Orange,18.5,Drunken Master Gourd,20.8125,Brown Mutton Chops and Goatee,20.8125,Silver Horns,37,MultiHoops,15.85714286
00009,199.1225809,318,Corriander Spice,22.2,Broomstick,17.52631579,Blue Surfer,13.32,Purple Tank Top,22.2,Gold Teeth Tongue Three,37,Eye Three,27.75,Tiki Glass,16.65,Corn Cob Pipe,11.48275862,Standard Horns,15.13636364,MultiHoops,15.85714286
00010,276.2193876,105,Sunset,33.3,Broomstick,17.52631579,Pink,23.78571429,Blue Polo,37,Chiclet Teeth Gold Tongue,66.6,Glasses,33.3,Martini,11.48275862,Pink Goatee,18.5,Hippie Horns,19.58823529,Pearl,15.13636364
00011,238.4357575,208,Tangarine Dream,33.3,None,1.640394089,Burning Red,11.89285714,Dumb Orange Suit,47.57142857,Perfect Teeth Tongue Three,33.3,Eye Four  Blue,23.78571429,Magnifying Glass,33.3,Green Goatee,17.52631579,Unicorn Horn,23.78571429,None,12.33333333
00012,254.5347132,155,Royal Lion,66.6,None,1.640394089,Purple,10.74193548,Sherlock Suit,47.57142857,Missing Tooth Tongue Five,33.3,Eye Four  Orange,19.58823529,Red Wine Glass,12.80769231,Brown Mutton Chops and Goatee,20.8125,Broken Horns,25.61538462,MultiHoops,15.85714286
00013,285.0797463,86,Sorbet,41.625,None,1.640394089,Blue,10.74193548,Holy Robe,30.27272727,Silver Teeth Gold Tongue,66.6,Eye Three,27.75,Tiki Glass,16.65,Halo,27.75,Party Hat Blue,47.57142857,Peace Sign,14.47826087
00014,187.9277434,326,Super Soft Birthday,37,None,1.640394089,Burning Red,11.89285714,Tie Dye TShirt,19.58823529,Missing Tooth Tongue Two,33.3,Over 9000 Eye Piece,30.27272727,Red Wine Glass,12.80769231,Green Goatee,17.52631579,Standard Horns,15.13636364,Single Hoop,8.763157895
00015,231.164339,233,Quiet Moment,37,None,1.640394089,Burning Red,11.89285714,Green Tank Top,25.61538462,Chiclet Teeth Silver Tongue,83.25,Eye Four  Orange,19.58823529,Red Wine Glass,12.80769231,None,9.794117647,Brown Hair,20.8125,Single Hoop,8.763157895
00016,247.7475027,177,Dead Island,22.2,Medieval Sword,14.47826087,Orange,15.13636364,Black Master Ninja Robe,41.625,Gold Teeth Tongue Three,37,Scarred Eye,33.3,Cthulhu Wine Glass,27.75,Brown Mutton Chops and Goatee,20.8125,Curled Horns,19.58823529,MultiHoops,15.85714286
00017,277.7325644,101,Watermelon Man,37,None,1.640394089,Burning Red,11.89285714,Black Ninja Robe,25.61538462,Perfect Teeth Tongue One,33.3,Eye Three,27.75,Tiki Glass,16.65,Cork,20.8125,ERGoat Ball Cap,55.5,Pink Balloon,47.57142857
00018,245.0786294,187,Island in the Sun,27.75,None,1.640394089,Sea Form,16.65,Ripped Funeral Suit,47.57142857,Sharp Teeth Tongue Five,33.3,Eye One  Orange,18.5,Tie Dye Glass,16.65,Mutton Chops and Goatee,19.58823529,ERGoat Pope Hat,47.57142857,MultiHoops,15.85714286
00019,250.7013725,163,Monster Eye,37,Broomstick,17.52631579,Blue Surfer,13.32,Orange Ninja Robe,30.27272727,Gold Teeth Tongue Three,37,Bloodshot Eye,30.27272727,Red Wine Glass,12.80769231,None,9.794117647,Standard Horns,15.13636364,Pink Balloon,47.57142857
00020,231.4261243,230,Swamp Gas,47.57142857,None,1.640394089,Burgundy,17.52631579,Holy Robe,30.27272727,Silver Teeth Tongue Three,27.75,Scarred Eye,33.3,Martini,11.48275862,Brown Mutton Chops and Goatee,20.8125,Devil Horns,27.75,Gold Ergo,13.32
00021,375.5652459,14,Shipyard,30.27272727,None,1.640394089,Yellow,15.13636364,Ripped Formal Suit,66.6,Silver Teeth Tongue Four,111,Eye One  Green,14.47826087,Golden ERGoat Scepter,55.5,Soul Patch,41.625,Brown Hair,20.8125,Rainbow Ergo,18.5
00022,214.9542224,282,Full Moon,20.8125,Medieval Sword,14.47826087,Silver,25.61538462,Sport Coat,33.3,Perfect Teeth Silver Tongue,33.3,Eye Four  Green,18.5,Wooden Beer Stein,13.875,Nose Ring,12.80769231,Blue Hair,25.61538462,Silver Ergo,16.65
00023,200.2554728,314,Pool,23.78571429,None,1.640394089,Burning Red,11.89285714,Dumb Orange Suit,47.57142857,Nasty Teeth Tongue One,37,Eye One  Blue,16.65,Wooden Beer Stein,13.875,Corn Cob Pipe,11.48275862,Blue Hair,25.61538462,Diamond,10.74193548
00024,232.8788197,225,Pinot Noir,37,Red Surf Board,20.8125,Burning Red,11.89285714,Army Formal Suit,20.8125,Gold Teeth Tongue Three,37,Bloodshot Eye,30.27272727,White Wine Glass,15.85714286,Blue Goatee,19.58823529,Unicorn Horn,23.78571429,MultiHoops,15.85714286
00025,332.7607434,30,Water World,66.6,None,1.640394089,Red,19.58823529,Dumb Orange Suit,47.57142857,Chiclet Teeth Tongue Five,55.5,Eye One  Blue,16.65,ERGoat Wine Bottle,10.40625,Neck Electronics,20.8125,Curled Digital Horns,83.25,Diamond,10.74193548
00026,276.0965657,108,Pool,23.78571429,Medieval Sword,14.47826087,Blue Surfer,13.32,Purple Tank Top,22.2,Chiclet Teeth Tongue Two,83.25,Eye Four  Green,18.5,Martini,11.48275862,None,9.794117647,Green Hair,23.78571429,Spider,55.5
00027,205.0533656,302,Submarine,37,None,1.640394089,Blue,10.74193548,Formal Suit,15.85714286,Chiclet Teeth Tongue Five,55.5,Eye One  Orange,18.5,Tiki Glass,16.65,Magical Scar,19.58823529,Flower Power Headband,20.8125,Single Hoop,8.763157895
00028,279.7339407,96,Super Soft Birthday,37,None,1.640394089,Burning Red,11.89285714,Ripped Funeral Suit,47.57142857,Silver Teeth Gold Tongue,66.6,Glasses,33.3,Red Wine Glass,12.80769231,Pipe,19.58823529,Red Ball Cap,37,None,12.33333333
00029,217.8999603,266,Dead Island,22.2,None,1.640394089,Burgundy,17.52631579,Formal Suit,15.85714286,Nasty Teeth Tongue Five,83.25,Eye Four  Orange,19.58823529,ERGoat Wine Bottle,10.40625,Cork,20.8125,Standard Horns,15.13636364,Ruby,11.48275862
00030,205.213642,301,Ribeye,41.625,None,1.640394089,Purple,10.74193548,After Hours Robe,20.8125,Sharp Teeth Tongue Five,33.3,Bloodshot Eye,30.27272727,ERGoat Wine Bottle,10.40625,Nose Ring,12.80769231,Feather Hat,27.75,MultiHoops,15.85714286
00031,250.3487975,164,Watermelon Man,37,None,1.640394089,Pink,23.78571429,Dumb Orange Suit,47.57142857,Nasty Teeth Tongue One,37,Eye Patch,33.3,White Wine Glass,15.85714286,None,9.794117647,Devil Horns,27.75,Silver Ergo,16.65
00032,283.4854599,90,Corriander Spice,22.2,None,1.640394089,Dark Blue,22.2,Business Suit,20.8125,Nasty Teeth Tongue Four,55.5,Glasses,33.3,ERGoat Wine Bottle,10.40625,Green Goatee,17.52631579,Spiky Black Hair,66.6,Dark Flower,33.3
00033,230.9058486,234,Full Moon,20.8125,None,1.640394089,Orange,15.13636364,Junior Ninja Robe,33.3,Missing Tooth Tongue Three,66.6,Over 9000 Eye Piece,30.27272727,Wooden Beer Stein,13.875,Neck Electronics,20.8125,Standard Horns,15.13636364,Gold Ergo,13.32
00034,208.3423476,298,Full Moon,20.8125,None,1.640394089,Burning Red,11.89285714,Green Tank Top,25.61538462,Nasty Teeth Tongue Four,55.5,Glasses,33.3,Martini,11.48275862,Nose Ring,12.80769231,Brown Hair,20.8125,Peace Sign,14.47826087
00035,214.5553222,284,Dead Island,22.2,None,1.640394089,Blue,10.74193548,Anime Armor,30.27272727,Gold Teeth Tongue One,37,Rose Colored Glasses,33.3,Water Glass,17.52631579,Mutton Chops and Goatee,19.58823529,Green Hair,23.78571429,Rainbow Ergo,18.5
00036,215.3234177,280,Sunset,33.3,None,1.640394089,Blue,10.74193548,Orange Tank Top,27.75,Sharp Teeth Silver Tongue,37,Bloodshot Eye,30.27272727,White Wine Glass,15.85714286,Goatee,12.33333333,Flower Power Headband,20.8125,Bent Nail,25.61538462
00037,247.2653093,178,Drop in the Mustard,37,None,1.640394089,Blue,10.74193548,Green Polo,23.78571429,Chiclet Teeth Tongue Five,55.5,Eye One  Green,14.47826087,Magnifying Glass,33.3,Neck Scar,25.61538462,Curled Horns,19.58823529,Bent Nail,25.61538462
00038,186.9867133,327,Easter,41.625,None,1.640394089,Orange,15.13636364,Tank Top,27.75,Chiclet Teeth Tongue Three,27.75,Eye One  Purple,20.8125,Martini,11.48275862,Goatee,12.33333333,Standard Horns,15.13636364,Gold Ergo,13.32
00039,349.2452547,23,Monster Eye,37,Gold Wings,83.25,Silver,25.61538462,Black Master Ninja Robe,41.625,Missing Tooth Gold Tongue,47.57142857,Bloodshot Eye,30.27272727,Wooden Beer Stein,13.875,Halo,27.75,Unicorn Horn,23.78571429,Rainbow Ergo,18.5
00040,234.3470648,217,Burnt Citrus,37,None,1.640394089,Orange,15.13636364,Black Ninja Robe,25.61538462,Perfect Teeth Tongue Four,47.57142857,Digital Eye,27.75,Cthulhu Wine Glass,27.75,Blue Goatee,19.58823529,Flower Power Headband,20.8125,Ruby,11.48275862
00041,289.0686754,84,Water World,66.6,Rainbow Wings,33.3,Purple,10.74193548,Magic Robe,37,Gold Teeth Tongue One,37,Eye Three  Green,27.75,Red Wine Glass,12.80769231,Halo,27.75,Green Hair,23.78571429,None,12.33333333
00042,332.9466854,29,Corriander Spice,22.2,Blue Surf Board,20.8125,Yellow,15.13636364,Ripped Funeral Suit,47.57142857,Gold Teeth Silver Tongue,111,Monocle,37,Wooden Beer Stein,13.875,Pipe,19.58823529,Sherlock Hat,37,Single Hoop,8.763157895
00043,326.4714854,37,Quiet Moment,37,None,1.640394089,Blue,10.74193548,Funeral Suit,30.27272727,Silver Teeth Tongue Two,111,Rose Colored Glasses,33.3,Drunken Master Gourd,20.8125,Neck Electronics,20.8125,Party Hat Blue,47.57142857,Gold Ergo,13.32
00044,305.2458308,59,Watermelon Man,37,None,1.640394089,Burgundy,17.52631579,Junior Ninja Robe,33.3,Sharp Teeth Tongue Two,55.5,Eye Three  Blue,47.57142857,Tie Dye Glass,16.65,Nose Ring,12.80769231,Old Wizard Hat,66.6,Silver Ergo,16.65
00045,299.1409957,68,Hot Summer,37,Ninja Swords,33.3,Yellow,15.13636364,Sherlock Suit,47.57142857,Silver Teeth Gold Tongue,66.6,Digital Eye,27.75,Shrimp and White Wine Glass,15.85714286,Goatee,12.33333333,Black Hair,30.27272727,Gold Ergo,13.32
00046,213.8867674,286,Pink Lemonade,25.61538462,Red Surf Board,20.8125,Burning Red,11.89285714,Army Formal Suit,20.8125,Missing Tooth Tongue One,33.3,Eye One  Orange,18.5,Birthday Glass,20.8125,Nose Ring,12.80769231,Drill Sergeant Hat,37,None,12.33333333
00047,235.497814,214,Sorbet,41.625,Blue Wings,30.27272727,Burning Red,11.89285714,Green Tank Top,25.61538462,Silver Teeth Tongue Three,27.75,Eye Two  Purple,41.625,Tiki Glass,16.65,None,9.794117647,Standard Horns,15.13636364,Pearl,15.13636364
00048,266.2468344,124,Pinot Noir,37,Blue Wings,30.27272727,Dark,18.5,Ripped Business Suit,33.3,Chiclet Teeth Tongue Four,33.3,Eye Four  Blue,23.78571429,ERGoat Wine Bottle,10.40625,Cigar,22.2,Sawed Off Horns,41.625,MultiHoops,15.85714286
00049,252.2046509,158,Tangarine Dream,33.3,None,1.640394089,Barney,15.85714286,None,23.78571429,Sharp Teeth Silver Tongue,37,Eye Four  Blue,23.78571429,White Wine Glass,15.85714286,Neck Scar,25.61538462,Spiky Black Hair,66.6,Single Hoop,8.763157895
00050,309.3980844,51,Yacht,33.3,Blue Surf Board,20.8125,Burning Red,11.89285714,Orange Ninja Robe,30.27272727,Nasty Teeth Tongue Four,55.5,Rose Colored Glasses,33.3,Wooden Beer Stein,13.875,Soul Patch,41.625,Gold Horns,55.5,Gold Ergo,13.32
00051,364.4327869,18,Dead Island,22.2,Medieval Sword,14.47826087,Blue,10.74193548,Purple Tank Top,22.2,Chiclet Teeth Tongue Three,27.75,Gold Eye,166.5,Martini,11.48275862,None,9.794117647,Green Hair,23.78571429,Spider,55.5
00052,244.3291756,191,Corriander Spice,22.2,Medieval Sword,14.47826087,Burgundy,17.52631579,Army Formal Suit,20.8125,Chiclet Teeth Tongue Five,55.5,Eye One  Purple,20.8125,Dark Flower,16.65,Gold Neck Electronics,41.625,Curled Horns,19.58823529,Pearl,15.13636364
00053,328.0957622,35,Burnt Citrus,37,None,1.640394089,Zombie Green,25.61538462,Green Tank Top,25.61538462,Nasty Teeth Gold Tongue,111,Eye Three,27.75,Cthulhu Wine Glass,27.75,Pipe,19.58823529,Red Ball Cap,37,Pearl,15.13636364
00054,195.329788,320,Shipyard,30.27272727,None,1.640394089,Dark,18.5,Purple Tank Top,22.2,Nasty Teeth Tongue One,37,Eye Four  Purple,22.2,Tie Dye Glass,16.65,Goatee,12.33333333,Party Hat,22.2,None,12.33333333
00055,193.0260473,324,Submarine,37,None,1.640394089,Blue,10.74193548,Army Formal Suit,20.8125,Sharp Teeth Tongue Five,33.3,Eye Four  Orange,19.58823529,Water Glass,17.52631579,Goatee,12.33333333,Feather Hat,27.75,None,12.33333333
00056,386.1705554,13,Peach Fuzz,27.75,Red Surf Board,20.8125,Burning Red,11.89285714,Army Formal Suit,20.8125,Silver Teeth Gold Tongue,66.6,Gold Eye,166.5,White Wine Glass,15.85714286,Neck Scar,25.61538462,Hippie Horns,19.58823529,Diamond,10.74193548
00057,193.7818136,323,Full Moon,20.8125,None,1.640394089,Purple,10.74193548,Black Ninja Robe,25.61538462,Perfect Teeth Tongue Five,23.78571429,Eye Patch,33.3,Tiki Glass,16.65,Cigar,22.2,Martial Arts Ergo Headband,30.27272727,Single Hoop,8.763157895
00058,217.6223506,269,Corriander Spice,22.2,None,1.640394089,Dark Blue,22.2,Funeral Suit,30.27272727,Missing Tooth Silver Tongue,37,Eye Three  Orange,19.58823529,Tiki Glass,16.65,Blue Goatee,19.58823529,Silver Horns,37,Ruby,11.48275862
00059,262.4808287,131,Peach Fuzz,27.75,Dark Wings,41.625,Blue,10.74193548,Magic Robe,37,Chiclet Teeth Tongue Five,55.5,Eye Four  Green,18.5,Digital Wine Glass,22.2,Mutton Chops and Goatee,19.58823529,Flower Power Headband,20.8125,Single Hoop,8.763157895
00060,292.9454361,77,Tangarine Dream,33.3,None,1.640394089,Green,22.2,Ripped Business Suit,33.3,Chiclet Teeth Gold Tongue,66.6,Rose Colored Glasses,33.3,White Wine Glass,15.85714286,Blue Goatee,19.58823529,Hippie Horns,19.58823529,Pink Balloon,47.57142857
00061,246.8214547,182,Shipyard,30.27272727,None,1.640394089,Barney,15.85714286,None,23.78571429,Chiclet Teeth Tongue Three,27.75,Eye Three  Blue,47.57142857,Digital Wine Glass,22.2,Carrot,41.625,Unicorn Horn,23.78571429,None,12.33333333
00062,227.4173823,248,Drop in the Mustard,37,None,1.640394089,Sea Form,16.65,Orange Master Ninja Robe,41.625,Nasty Teeth Tongue One,37,Eye Four  Orange,19.58823529,Red Wine Glass,12.80769231,Goatee,12.33333333,Mad Top Hat,30.27272727,Rainbow Ergo,18.5
00063,243.7285615,193,Pool,23.78571429,Medieval Sword,14.47826087,Burning Red,11.89285714,Sport Coat,33.3,Perfect Teeth Tongue Three,33.3,Eye Three  Orange,19.58823529,Drunken Master Gourd,20.8125,Mutton Chops and Goatee,19.58823529,Wizard Hat,55.5,Ruby,11.48275862
00064,293.2320366,76,Toy Story,47.57142857,Dark Wings,41.625,Green,22.2,Holy Robe,30.27272727,Perfect Teeth Tongue Two,55.5,Eye Two  Purple,41.625,ERGoat Wine Bottle,10.40625,Corn Cob Pipe,11.48275862,Green Hair,23.78571429,Single Hoop,8.763157895
00065,214.9810475,281,Pink Lemonade,25.61538462,None,1.640394089,Purple,10.74193548,Junior Ninja Robe,33.3,Sharp Teeth Silver Tongue,37,Eye One  Blue,16.65,Digital Wine Glass,22.2,Goatee,12.33333333,Drill Sergeant Hat,37,Rainbow Ergo,18.5
00066,246.9290063,181,Shipyard,30.27272727,None,1.640394089,Silver,25.61538462,Ripped Funeral Suit,47.57142857,Chiclet Teeth Tongue One,47.57142857,Eye Three,27.75,ERGoat Wine Bottle,10.40625,Blue Goatee,19.58823529,Feather Hat,27.75,Single Hoop,8.763157895
00067,321.4352047,41,Chocolate Chip Mint,66.6,Red Surf Board,20.8125,Zombie Green,25.61538462,Junior Ninja Robe,33.3,Gold Teeth Tongue One,37,Eye One  Orange,18.5,Golden ERGoat Scepter,55.5,Neck Scar,25.61538462,Devil Horns,27.75,Diamond,10.74193548
00068,194.8460371,321,Peach Fuzz,27.75,None,1.640394089,Sea Form,16.65,Tie Dye TShirt,19.58823529,Chiclet Teeth Tongue Three,27.75,Eye One  Orange,18.5,Martini,11.48275862,Green Goatee,17.52631579,Sawed Off Horns,41.625,None,12.33333333
00069,221.2448631,261,Burnt Citrus,37,None,1.640394089,Orange,15.13636364,Anime Armor,30.27272727,Perfect Teeth Silver Tongue,33.3,Eye Four  Green,18.5,Cthulhu Wine Glass,27.75,Pipe,19.58823529,Party Hat,22.2,MultiHoops,15.85714286
00070,252.0389472,159,Dead Island,22.2,None,1.640394089,Blue,10.74193548,Tank Top,27.75,Gold Teeth Tongue One,37,Scarred Eye,33.3,Birthday Glass,20.8125,None,9.794117647,ERGoat Ball Cap,55.5,Dark Flower,33.3
00071,291.1697436,79,Shallow Sea,30.27272727,None,1.640394089,Orange,15.13636364,Blue Polo,37,Perfect Teeth Gold Tongue,83.25,Digital Eye,27.75,Martini,11.48275862,Cigar,22.2,Brown Hair,20.8125,Blue Balloon,41.625
00072,289.5477033,83,Bubble Gum,41.625,None,1.640394089,Burgundy,17.52631579,Formal Suit,15.85714286,Chiclet Teeth Silver Tongue,83.25,Eye Two  Green,66.6,Martini,11.48275862,Goatee,12.33333333,Devil Horns,27.75,Ruby,11.48275862
00073,258.6035686,143,Shallow Sea,30.27272727,None,1.640394089,Zombie Green,25.61538462,Formal Suit,15.85714286,Missing Tooth Tongue One,33.3,Eye One  Blue,16.65,Golden Goblet,47.57142857,Goatee,12.33333333,Old Wizard Hat,66.6,Single Hoop,8.763157895
00074,267.9300895,121,Easter,41.625,Blue Wings,30.27272727,Burning Red,11.89285714,Anime Armor,30.27272727,Missing Tooth Tongue Three,66.6,Eye One  Blue,16.65,Tie Dye Glass,16.65,Neck Scar,25.61538462,Hippie Horns,19.58823529,Single Hoop,8.763157895
00075,307.0022073,54,Watermelon Man,37,None,1.640394089,Dark,18.5,Green Tank Top,25.61538462,Sharp Teeth Tongue Five,33.3,Ergo Eye Patch,27.75,Golden ERGoat Scepter,55.5,Soul Patch,41.625,Top Hat,47.57142857,Rainbow Ergo,18.5
00076,264.8113433,129,Royal Lion,66.6,Broomstick,17.52631579,Silver,25.61538462,Formal Suit,15.85714286,Sharp Teeth Tongue Five,33.3,Eye Four  Purple,22.2,Tie Dye Glass,16.65,Pink Goatee,18.5,Brown Hair,20.8125,Red Balloon,27.75
00077,321.4171455,42,Burnt Citrus,37,Gold Wings,83.25,Yellow,15.13636364,Blue Polo,37,Silver Teeth Tongue Three,27.75,Silver Eye,47.57142857,White Wine Glass,15.85714286,Blue Goatee,19.58823529,Green Hair,23.78571429,Peace Sign,14.47826087
00078,194.2216307,322,Dead Island,22.2,Medieval Sword,14.47826087,Yellow,15.13636364,None,23.78571429,Sharp Teeth Tongue Three,30.27272727,Over 9000 Eye Piece,30.27272727,Tiki Glass,16.65,Green Goatee,17.52631579,Standard Horns,15.13636364,Single Hoop,8.763157895
00079,905.0260989,6,Dark Fire,333,Dark Wings,41.625,Fire,333,None,23.78571429,Sharp Teeth Tongue Five,33.3,Dark Eye,37,Dark Flower,16.65,Neck Scar,25.61538462,Devil Horns,27.75,Dark Flower,33.3
00080,232.2347379,227,Swamp Gas,47.57142857,None,1.640394089,Burgundy,17.52631579,Green Polo,23.78571429,Missing Tooth Tongue Two,33.3,Eye Three  Green,27.75,Birthday Glass,20.8125,Brown Mutton Chops and Goatee,20.8125,Mad Top Hat,30.27272727,Single Hoop,8.763157895
00081,228.1230864,246,Island in the Sun,27.75,None,1.640394089,Sea Form,16.65,Junior Ninja Robe,33.3,Missing Tooth Tongue One,33.3,Eye One  Purple,20.8125,Drunken Master Gourd,20.8125,Nose Ring,12.80769231,Devil Horns,27.75,Dark Flower,33.3
00082,331.0507977,34,Bubble Gum,41.625,Dark Wings,41.625,Pink,23.78571429,Black Master Ninja Robe,41.625,Sharp Teeth Tongue Three,30.27272727,Eye Two  Blue,47.57142857,Red Wine Glass,12.80769231,Pipe,19.58823529,Wizard Hat,55.5,Silver Ergo,16.65
00083,297.9838357,70,Shallow Sea,30.27272727,Red Ninja Swords,27.75,Blue,10.74193548,Green Polo,23.78571429,Missing Tooth Tongue Two,33.3,Eye Two  Blue,47.57142857,Hand Gun,23.78571429,Green Goatee,17.52631579,ERGoat Ball Cap,55.5,Red Balloon,27.75
00084,229.8880542,240,Monster Eye,37,None,1.640394089,Zombie Green,25.61538462,Black Master Ninja Robe,41.625,Nasty Teeth Tongue Three,27.75,Eye Four  Green,18.5,Digital Wine Glass,22.2,None,9.794117647,Drill Sergeant Hat,37,Single Hoop,8.763157895
00085,219.1630832,265,Pool,23.78571429,None,1.640394089,Barney,15.85714286,Tank Top,27.75,Perfect Teeth Tongue Three,33.3,Digital Eye,27.75,Hand Gun,23.78571429,None,9.794117647,Silver Horns,37,Rainbow Ergo,18.5
00086,240.3785951,203,Hot Summer,37,Medieval Sword,14.47826087,Red,19.58823529,Business Suit,20.8125,Nasty Teeth Tongue Four,55.5,Eye Three  Orange,19.58823529,Tie Dye Glass,16.65,Cork,20.8125,Brown Hair,20.8125,Pearl,15.13636364
00087,224.3111564,253,Pool,23.78571429,None,1.640394089,Barney,15.85714286,Ripped Funeral Suit,47.57142857,Silver Teeth Silver Tongue,41.625,Eye One  Blue,16.65,Cthulhu Wine Glass,27.75,Corn Cob Pipe,11.48275862,Blue Hair,25.61538462,None,12.33333333
00088,270.3353376,116,Bubble Gum,41.625,None,1.640394089,Pink,23.78571429,Black Master Ninja Robe,41.625,Missing Tooth Gold Tongue,47.57142857,Eye Three  Orange,19.58823529,Shrimp and White Wine Glass,15.85714286,Magical Scar,19.58823529,ERGoat Pope Hat,47.57142857,Ruby,11.48275862
00089,295.7130706,73,Pinot Noir,37,Blue Surf Board,20.8125,Red,19.58823529,Ripped Business Suit,33.3,Nasty Teeth Tongue Five,83.25,Eye One  Green,14.47826087,Dark Flower,16.65,Green Goatee,17.52631579,Sawed Off Horns,41.625,Ruby,11.48275862
00090,276.8320147,102,Shipyard,30.27272727,Ninja Swords,33.3,Dark,18.5,Orange Ninja Robe,30.27272727,Missing Tooth Tongue One,33.3,Eye One  Purple,20.8125,Water Glass,17.52631579,Green Goatee,17.52631579,Party Hat Blue,47.57142857,Red Balloon,27.75
00091,503.7250494,10,90's Sunset,333,None,1.640394089,Barney,15.85714286,Magic Robe,37,Silver Teeth Tongue Three,27.75,Eye One  Orange,18.5,Birthday Glass,20.8125,Nose Ring,12.80769231,Blue Hair,25.61538462,Diamond,10.74193548
00092,276.1845779,106,Burnt Citrus,37,Ninja Swords,33.3,Dark,18.5,Business Suit,20.8125,Nasty Teeth Tongue Three,27.75,Eye Four  Blue,23.78571429,Dark Flower,16.65,Halo,27.75,Gold Horns,55.5,Pearl,15.13636364
00093,309.3131424,52,Toy Story,47.57142857,Rainbow Wings,33.3,Burgundy,17.52631579,Holy Robe,30.27272727,Missing Tooth Tongue Four,83.25,Eye One  Orange,18.5,Birthday Glass,20.8125,Halo,27.75,Curled Horns,19.58823529,Diamond,10.74193548
00094,239.0200108,205,Submarine,37,None,1.640394089,Barney,15.85714286,Dumber Blue Suit,47.57142857,Silver Teeth Tongue One,66.6,Eye One  Green,14.47826087,ERGoat Wine Bottle,10.40625,Blue Goatee,19.58823529,Standard Horns,15.13636364,Diamond,10.74193548
00095,216.0207539,277,Pool,23.78571429,None,1.640394089,Red,19.58823529,Orange Tank Top,27.75,Gold Teeth Tongue Three,37,Glasses,33.3,Red Wine Glass,12.80769231,Goatee,12.33333333,Party Hat,22.2,Bent Nail,25.61538462
00096,207.256528,300,Drop in the Mustard,37,None,1.640394089,Dark Blue,22.2,None,23.78571429,Missing Tooth Tongue One,33.3,Eye Four  Green,18.5,Cthulhu Wine Glass,27.75,Nose Ring,12.80769231,Standard Horns,15.13636364,Pearl,15.13636364
00097,216.4493711,274,Fresh Squeezed,33.3,None,1.640394089,Barney,15.85714286,Black Ninja Robe,25.61538462,Sharp Teeth Silver Tongue,37,Eye Four  Orange,19.58823529,Hand Gun,23.78571429,Neck Electronics,20.8125,Party Hat,22.2,Silver Ergo,16.65
00098,235.3491848,215,Fresh Squeezed,33.3,None,1.640394089,Purple,10.74193548,Business Suit,20.8125,Chiclet Teeth Gold Tongue,66.6,Eye Four  Orange,19.58823529,Tie Dye Glass,16.65,Blue Goatee,19.58823529,Brown Hair,20.8125,Bent Nail,25.61538462
00099,279.1205414,97,Island in the Sun,27.75,None,1.640394089,Yellow,15.13636364,Dumber Blue Suit,47.57142857,Perfect Teeth Gold Tongue,83.25,Eye Three  Green,27.75,Digital Wine Glass,22.2,Nose Ring,12.80769231,Mad Top Hat,30.27272727,Diamond,10.74193548
00100,233.8972736,219,Art Studio,33.3,None,1.640394089,Blue Surfer,13.32,Magic Robe,37,Perfect Teeth Tongue Four,47.57142857,Eye One  Orange,18.5,Red Wine Glass,12.80769231,Corn Cob Pipe,11.48275862,Sawed Off Horns,41.625,Silver Ergo,16.65
00101,199.3435309,317,Island in the Sun,27.75,None,1.640394089,Red,19.58823529,Orange Tank Top,27.75,Gold Teeth Tongue Three,37,Eye One  Purple,20.8125,Tiki Glass,16.65,Corn Cob Pipe,11.48275862,Flower Power Headband,20.8125,MultiHoops,15.85714286
00102,242.944366,197,Island in the Sun,27.75,None,1.640394089,Purple,10.74193548,Green Tank Top,25.61538462,Perfect Teeth Tongue One,33.3,Eye Four  Orange,19.58823529,Martini,11.48275862,Cork,20.8125,Curled Digital Horns,83.25,Single Hoop,8.763157895
00103,232.9910564,223,Swamp Gas,47.57142857,None,1.640394089,Blue Surfer,13.32,Business Suit,20.8125,Perfect Teeth Tongue Five,23.78571429,Eye One  Green,14.47826087,Dark Flower,16.65,Corn Cob Pipe,11.48275862,Old Wizard Hat,66.6,Silver Ergo,16.65
00104,248.9374097,171,Monster Eye,37,None,1.640394089,Orange,15.13636364,Funeral Suit,30.27272727,Missing Tooth Gold Tongue,47.57142857,Eye One  Green,14.47826087,Wooden Beer Stein,13.875,Pipe,19.58823529,Feather Hat,27.75,Blue Balloon,41.625
00105,276.1305086,107,Full Moon,20.8125,None,1.640394089,Pink,23.78571429,Magic Robe,37,Chiclet Teeth Tongue Four,33.3,Eye Three  Blue,47.57142857,Golden Goblet,47.57142857,Green Goatee,17.52631579,Martial Arts Ergo Headband,30.27272727,Silver Ergo,16.65
00106,207.4406307,299,Full Moon,20.8125,None,1.640394089,Purple,10.74193548,Business Suit,20.8125,Sharp Teeth Tongue Four,66.6,Eye One  Orange,18.5,ERGoat Wine Bottle,10.40625,Mutton Chops and Goatee,19.58823529,Flower Power Headband,20.8125,Corkscrew,17.52631579
00107,238.9569884,206,Pinot Noir,37,None,1.640394089,Purple,10.74193548,Funeral Suit,30.27272727,Perfect Teeth Tongue Four,47.57142857,Eye Four  Green,18.5,Tiki Glass,16.65,Corn Cob Pipe,11.48275862,Top Hat,47.57142857,Corkscrew,17.52631579
00108,299.3192908,67,Art Studio,33.3,None,1.640394089,Yellow,15.13636364,Formal Suit,15.85714286,Nasty Teeth Silver Tongue,83.25,Eye Two  Green,66.6,Water Glass,17.52631579,Green Goatee,17.52631579,Sherlock Hat,37,Ruby,11.48275862
00109,245.2191745,186,Fresh Squeezed,33.3,None,1.640394089,Purple,10.74193548,Purple Tank Top,22.2,Perfect Teeth Gold Tongue,83.25,Eye One  Orange,18.5,Digital Wine Glass,22.2,None,9.794117647,Black Hair,30.27272727,Gold Ergo,13.32
00110,232.9706133,224,Yacht,33.3,None,1.640394089,Red,19.58823529,Ripped Business Suit,33.3,Chiclet Teeth Tongue One,47.57142857,Eye Two  Purple,41.625,Red Wine Glass,12.80769231,Nose Ring,12.80769231,Hippie Horns,19.58823529,Diamond,10.74193548
00111,222.030725,259,Pool,23.78571429,None,1.640394089,Purple,10.74193548,Tie Dye TShirt,19.58823529,Perfect Teeth Silver Tongue,33.3,Silver Eye,47.57142857,Martini,11.48275862,Gold Neck Electronics,41.625,Brown Hair,20.8125,Ruby,11.48275862
00112,233.912558,218,Peach Fuzz,27.75,None,1.640394089,Red,19.58823529,Ripped Business Suit,33.3,Silver Teeth Tongue Three,27.75,Eye Four  Purple,22.2,Tiki Glass,16.65,Brown Mutton Chops and Goatee,20.8125,Top Hat,47.57142857,Silver Ergo,16.65
00113,249.9812472,167,Sunset,33.3,None,1.640394089,Silver,25.61538462,Sport Coat,33.3,Silver Teeth Tongue One,66.6,Bloodshot Eye,30.27272727,ERGoat Wine Bottle,10.40625,Goatee,12.33333333,Feather Hat,27.75,Single Hoop,8.763157895
00114,217.7043116,268,Hot Summer,37,None,1.640394089,Blue,10.74193548,Orange Ninja Robe,30.27272727,Perfect Teeth Tongue Three,33.3,Dark Eye,37,Martini,11.48275862,Magical Scar,19.58823529,Party Hat,22.2,Peace Sign,14.47826087
00115,237.4018652,209,Peach Fuzz,27.75,Red Surf Board,20.8125,Pink,23.78571429,Business Suit,20.8125,Missing Tooth Tongue Five,33.3,Monocle,37,Shrimp and White Wine Glass,15.85714286,Nose Ring,12.80769231,Feather Hat,27.75,Corkscrew,17.52631579
00116,202.1202734,309,Submarine,37,None,1.640394089,Blue Surfer,13.32,Green Tank Top,25.61538462,Perfect Teeth Tongue One,33.3,Over 9000 Eye Piece,30.27272727,Dark Flower,16.65,None,9.794117647,Green Hair,23.78571429,Diamond,10.74193548
00117,238.8362372,207,Monster Eye,37,Broomstick,17.52631579,Blue,10.74193548,Funeral Suit,30.27272727,Missing Tooth Tongue Five,33.3,Eye One  Blue,16.65,Martini,11.48275862,Neck Electronics,20.8125,Devil Horns,27.75,Dark Flower,33.3
00118,270.2361493,117,Yacht,33.3,None,1.640394089,Blue,10.74193548,Sport Coat,33.3,Perfect Teeth Tongue Four,47.57142857,Bloodshot Eye,30.27272727,Golden Goblet,47.57142857,Mutton Chops and Goatee,19.58823529,Feather Hat,27.75,Rainbow Ergo,18.5
00119,258.6031286,144,Submarine,37,Dark Wings,41.625,Blue Surfer,13.32,Tie Dye TShirt,19.58823529,Nasty Teeth Tongue Four,55.5,Eye Four  Purple,22.2,Water Glass,17.52631579,Nose Ring,12.80769231,Black Hair,30.27272727,Single Hoop,8.763157895
00120,245.5399464,185,Chocolate Chip Mint,66.6,Broomstick,17.52631579,Barney,15.85714286,Purple Tank Top,22.2,Missing Tooth Tongue Five,33.3,Over 9000 Eye Piece,30.27272727,Shrimp and White Wine Glass,15.85714286,None,9.794117647,Flower Power Headband,20.8125,Gold Ergo,13.32
00121,225.7553412,251,Pink Lemonade,25.61538462,None,1.640394089,Blue Surfer,13.32,Funeral Suit,30.27272727,Missing Tooth Gold Tongue,47.57142857,Digital Eye,27.75,Tiki Glass,16.65,Green Goatee,17.52631579,Black Hair,30.27272727,Pearl,15.13636364
00122,290.2231394,80,Pink Lemonade,25.61538462,Blue Wings,30.27272727,Silver,25.61538462,Sport Coat,33.3,Sharp Teeth Tongue Two,55.5,Eye One  Orange,18.5,Drunken Master Gourd,20.8125,Halo,27.75,Sherlock Hat,37,MultiHoops,15.85714286
00123,213.1112928,288,Pool,23.78571429,None,1.640394089,Pink,23.78571429,Black Ninja Robe,25.61538462,Perfect Teeth Silver Tongue,33.3,Eye Three  Orange,19.58823529,Red Wine Glass,12.80769231,Cigar,22.2,Armored Mask,41.625,Single Hoop,8.763157895
00124,180.0286911,332,Art Studio,33.3,None,1.640394089,Purple,10.74193548,Pink Polo,33.3,Chiclet Teeth Tongue Three,27.75,Eye One  Green,14.47826087,Martini,11.48275862,Nose Ring,12.80769231,Green Hair,23.78571429,Diamond,10.74193548
00125,255.1961084,153,Submarine,37,None,1.640394089,Barney,15.85714286,Dumber Blue Suit,47.57142857,Gold Teeth Tongue Four,47.57142857,Rose Colored Glasses,33.3,Tie Dye Glass,16.65,Pink Goatee,18.5,Green Hair,23.78571429,Gold Ergo,13.32
00126,244.1803894,192,Water World,66.6,Medieval Sword,14.47826087,Sea Form,16.65,After Hours Robe,20.8125,Perfect Teeth Silver Tongue,33.3,Eye Three  Orange,19.58823529,Tie Dye Glass,16.65,Pipe,19.58823529,Feather Hat,27.75,Single Hoop,8.763157895
00127,302.0238841,62,Water World,66.6,None,1.640394089,Zombie Green,25.61538462,Purple Tank Top,22.2,Missing Tooth Tongue Three,66.6,Eye Two  Orange,37,Shrimp and White Wine Glass,15.85714286,Blue Goatee,19.58823529,Mad Top Hat,30.27272727,Silver Ergo,16.65
00128,229.8201926,241,Sunset,33.3,None,1.640394089,Red,19.58823529,Orange Tank Top,27.75,Missing Tooth Silver Tongue,37,Eye Four  Blue,23.78571429,ERGoat Wine Bottle,10.40625,Soul Patch,41.625,Hippie Horns,19.58823529,Pearl,15.13636364
00129,240.5903671,202,Watermelon Man,37,Medieval Sword,14.47826087,Blue Surfer,13.32,Black Ninja Robe,25.61538462,Missing Tooth Gold Tongue,47.57142857,Eye Three  Green,27.75,ERGoat Wine Bottle,10.40625,Green Goatee,17.52631579,Mad Top Hat,30.27272727,Silver Ergo,16.65
00130,298.6255915,69,Pink Lemonade,25.61538462,Broomstick,17.52631579,Yellow,15.13636364,Blue Polo,37,Silver Teeth Silver Tongue,41.625,Eye Two  Orange,37,Shrimp and White Wine Glass,15.85714286,Soul Patch,41.625,Sawed Off Horns,41.625,Bent Nail,25.61538462
00131,229.4109774,243,Full Moon,20.8125,None,1.640394089,Yellow,15.13636364,Green Polo,23.78571429,Missing Tooth Tongue Five,33.3,Over 9000 Eye Piece,30.27272727,Golden Goblet,47.57142857,Corn Cob Pipe,11.48275862,Martial Arts Ergo Headband,30.27272727,Pearl,15.13636364
00132,249.9468215,168,Monster Eye,37,Medieval Sword,14.47826087,Yellow,15.13636364,Business Suit,20.8125,Missing Tooth Tongue Five,33.3,Eye Two  Green,66.6,Dark Flower,16.65,Pink Goatee,18.5,Standard Horns,15.13636364,None,12.33333333
00133,230.8704646,235,Art Studio,33.3,Broomstick,17.52631579,Green,22.2,Orange Ninja Robe,30.27272727,Missing Tooth Silver Tongue,37,Eye One  Green,14.47826087,Water Glass,17.52631579,None,9.794117647,Black Hair,30.27272727,Rainbow Ergo,18.5
00134,266.5004461,123,Drop in the Mustard,37,Ninja Swords,33.3,Blue,10.74193548,Sherlock Suit,47.57142857,Silver Teeth Silver Tongue,41.625,Eye Four  Blue,23.78571429,Hand Gun,23.78571429,Goatee,12.33333333,Blue Hair,25.61538462,Diamond,10.74193548
00135,221.9256114,260,Easter,41.625,None,1.640394089,Green,22.2,Orange Ninja Robe,30.27272727,Perfect Teeth Tongue Three,33.3,Ergo Eye Patch,27.75,Martini,11.48275862,Blue Goatee,19.58823529,Curled Horns,19.58823529,Peace Sign,14.47826087
00136,233.540226,221,Quiet Moment,37,None,1.640394089,Dark,18.5,None,23.78571429,Nasty Teeth Tongue One,37,Dark Eye,37,Wooden Beer Stein,13.875,None,9.794117647,Armored Mask,41.625,Gold Ergo,13.32
00137,258.2288458,145,Shallow Sea,30.27272727,None,1.640394089,Pink,23.78571429,Anime Armor,30.27272727,Sharp Teeth Tongue Five,33.3,Eye One  Blue,16.65,Hand Gun,23.78571429,Mutton Chops and Goatee,19.58823529,Old Wizard Hat,66.6,None,12.33333333
00138,241.4089424,201,Pink Lemonade,25.61538462,Blue Surf Board,20.8125,Blue Surfer,13.32,Junior Ninja Robe,33.3,Perfect Teeth Tongue Four,47.57142857,Eye Two  Blue,47.57142857,Shrimp and White Wine Glass,15.85714286,Corn Cob Pipe,11.48275862,Standard Horns,15.13636364,Diamond,10.74193548
00139,260.3003491,138,Shallow Sea,30.27272727,None,1.640394089,Purple,10.74193548,Dumb Orange Suit,47.57142857,Chiclet Teeth Tongue Three,27.75,Eye Three  Green,27.75,Drunken Master Gourd,20.8125,Carrot,41.625,Red Ball Cap,37,Pearl,15.13636364
00140,249.6445095,170,Corriander Spice,22.2,Medieval Sword,14.47826087,Blue,10.74193548,Pink Polo,33.3,Perfect Teeth Tongue Four,47.57142857,Eye Patch,33.3,Drunken Master Gourd,20.8125,Neck Electronics,20.8125,Flower Power Headband,20.8125,Bent Nail,25.61538462
00141,233.7031338,220,Bubble Gum,41.625,None,1.640394089,Blue,10.74193548,Anime Armor,30.27272727,Perfect Teeth Silver Tongue,33.3,Eye Three  Green,27.75,Red Wine Glass,12.80769231,Cigar,22.2,Broken Horns,25.61538462,Red Balloon,27.75
00142,360.5341939,20,Island in the Sun,27.75,Red Surf Board,20.8125,Burgundy,17.52631579,Blue Polo,37,Nasty Teeth Tongue Five,83.25,Eye One  Orange,18.5,White Wine Glass,15.85714286,Mutton Chops and Goatee,19.58823529,Red Ball Cap,37,Pumpkin,83.25
00143,254.6984252,154,Watermelon Man,37,None,1.640394089,Yellow,15.13636364,Ripped Formal Suit,66.6,Chiclet Teeth Tongue Four,33.3,Ergo Eye Patch,27.75,Red Wine Glass,12.80769231,Cigar,22.2,Unicorn Horn,23.78571429,Peace Sign,14.47826087
00144,217.1988721,272,Full Moon,20.8125,Red Ninja Swords,27.75,Blue Surfer,13.32,Formal Suit,15.85714286,Sharp Teeth Tongue Five,33.3,Monocle,37,Martini,11.48275862,Magical Scar,19.58823529,Curled Horns,19.58823529,Rainbow Ergo,18.5
00145,200.70933,313,Apple Pop,55.5,None,1.640394089,Orange,15.13636364,After Hours Robe,20.8125,Perfect Teeth Tongue One,33.3,Eye One  Blue,16.65,White Wine Glass,15.85714286,Corn Cob Pipe,11.48275862,Hippie Horns,19.58823529,Diamond,10.74193548
00146,203.9283971,304,Peach Fuzz,27.75,None,1.640394089,Blue Surfer,13.32,After Hours Robe,20.8125,Perfect Teeth Tongue One,33.3,Eye One  Blue,16.65,Wooden Beer Stein,13.875,Green Goatee,17.52631579,Armored Mask Curled Horns,47.57142857,Ruby,11.48275862
00147,289.8294468,81,Chocolate Chip Mint,66.6,Ninja Swords,33.3,Dark,18.5,Business Suit,20.8125,Nasty Teeth Tongue Four,55.5,Eye Three  Orange,19.58823529,White Wine Glass,15.85714286,Goatee,12.33333333,Curled Horns,19.58823529,Red Balloon,27.75
00148,212.1240988,290,Ribeye,41.625,None,1.640394089,Zombie Green,25.61538462,Tie Dye TShirt,19.58823529,Missing Tooth Tongue One,33.3,Over 9000 Eye Piece,30.27272727,Wooden Beer Stein,13.875,Mutton Chops and Goatee,19.58823529,Standard Horns,15.13636364,Ruby,11.48275862
00149,301.5726724,63,Bubble Gum,41.625,None,1.640394089,Burgundy,17.52631579,Funeral Suit,30.27272727,Sharp Teeth Silver Tongue,37,Eye Four  Green,18.5,Golden ERGoat Scepter,55.5,Mutton Chops and Goatee,19.58823529,Old Wizard Hat,66.6,Gold Ergo,13.32
00150,265.1686837,126,Ribeye,41.625,Ninja Swords,33.3,Orange,15.13636364,Tank Top,27.75,Perfect Teeth Tongue Two,55.5,Eye Four  Green,18.5,Red Wine Glass,12.80769231,Nose Ring,12.80769231,Silver Horns,37,Diamond,10.74193548
00151,227.8686963,247,Tangarine Dream,33.3,Red Surf Board,20.8125,Yellow,15.13636364,Business Suit,20.8125,Missing Tooth Silver Tongue,37,Eye One  Green,14.47826087,ERGoat Wine Bottle,10.40625,Magical Scar,19.58823529,Party Hat Blue,47.57142857,Single Hoop,8.763157895
00152,183.8948296,329,Pool,23.78571429,None,1.640394089,Barney,15.85714286,Tie Dye TShirt,19.58823529,Sharp Teeth Tongue Three,30.27272727,Eye One  Purple,20.8125,White Wine Glass,15.85714286,Neck Electronics,20.8125,Green Hair,23.78571429,Ruby,11.48275862
00153,268.4577503,118,Quiet Moment,37,None,1.640394089,Dark Blue,22.2,Tank Top,27.75,Silver Teeth Tongue Three,27.75,Silver Eye,47.57142857,Tie Dye Glass,16.65,Nose Ring,12.80769231,Hippie Horns,19.58823529,Spider,55.5
00154,242.194113,200,Super Soft Birthday,37,Red Ninja Swords,27.75,Zombie Green,25.61538462,Army Formal Suit,20.8125,Sharp Teeth Silver Tongue,37,Eye Three  Orange,19.58823529,White Wine Glass,15.85714286,Nose Ring,12.80769231,Silver Horns,37,Single Hoop,8.763157895
00155,216.4094298,275,Fresh Squeezed,33.3,None,1.640394089,Purple,10.74193548,Orange Tank Top,27.75,Perfect Teeth Tongue One,33.3,Eye Four  Purple,22.2,ERGoat Wine Bottle,10.40625,Nose Ring,12.80769231,Gold Horns,55.5,Single Hoop,8.763157895
00156,938.9761453,5,Magic Class,333,Broomstick,17.52631579,Wizard Purple,333,Magic Robe,37,Perfect Teeth Tongue One,33.3,Eye One  Green,14.47826087,Wand,83.25,Magical Scar,19.58823529,Wizard Hat,55.5,None,12.33333333
00157,276.3727963,104,Super Soft Birthday,37,Dark Wings,41.625,Purple,10.74193548,Ripped Funeral Suit,47.57142857,Nasty Teeth Tongue Three,27.75,Eye Four  Blue,23.78571429,Magnifying Glass,33.3,Goatee,12.33333333,Broken Horns,25.61538462,Silver Ergo,16.65
00158,326.4584729,38,Drop in the Mustard,37,Rainbow Wings,33.3,Blue Surfer,13.32,None,23.78571429,Nasty Teeth Gold Tongue,111,Rose Colored Glasses,33.3,Martini,11.48275862,Halo,27.75,Party Hat,22.2,Gold Ergo,13.32
00159,197.5441467,319,Easter,41.625,None,1.640394089,Burning Red,11.89285714,Tie Dye TShirt,19.58823529,Nasty Teeth Tongue One,37,Eye One  Purple,20.8125,Drunken Master Gourd,20.8125,None,9.794117647,Blue Hair,25.61538462,Single Hoop,8.763157895
00160,301.439399,64,Royal Lion,66.6,None,1.640394089,Burgundy,17.52631579,Ripped Business Suit,33.3,Perfect Teeth Tongue Two,55.5,Silver Eye,47.57142857,Tie Dye Glass,16.65,None,9.794117647,Drill Sergeant Hat,37,MultiHoops,15.85714286
00161,222.1532304,258,Pink Lemonade,25.61538462,None,1.640394089,Purple,10.74193548,Orange Master Ninja Robe,41.625,Chiclet Teeth Tongue Four,33.3,Digital Eye,27.75,Water Glass,17.52631579,Neck Electronics,20.8125,Broken Horns,25.61538462,Corkscrew,17.52631579
00162,260.9027365,137,Monster Eye,37,None,1.640394089,Green,22.2,Business Suit,20.8125,Silver Teeth Tongue Five,47.57142857,Eye Two  Blue,47.57142857,ERGoat Wine Bottle,10.40625,Cork,20.8125,Curled Horns,19.58823529,Dark Flower,33.3
00163,353.0767405,21,Fresh Squeezed,33.3,Gold Wings,83.25,Burgundy,17.52631579,Tie Dye TShirt,19.58823529,Gold Teeth Tongue Five,66.6,Digital Eye,27.75,Drunken Master Gourd,20.8125,Cigar,22.2,Party Hat Blue,47.57142857,Peace Sign,14.47826087
00164,231.4705854,229,Hot Summer,37,None,1.640394089,Purple,10.74193548,Business Suit,20.8125,Chiclet Teeth Tongue Four,33.3,Dark Eye,37,Martini,11.48275862,Mutton Chops and Goatee,19.58823529,ERGoat Pope Hat,47.57142857,None,12.33333333
00165,258.0616314,147,Peach Fuzz,27.75,Medieval Sword,14.47826087,Barney,15.85714286,Orange Ninja Robe,30.27272727,Silver Teeth Tongue Five,47.57142857,Eye Two  Blue,47.57142857,Tie Dye Glass,16.65,Cork,20.8125,Broken Horns,25.61538462,Ruby,11.48275862
00166,220.2487274,262,Quiet Moment,37,None,1.640394089,Dark Blue,22.2,After Hours Robe,20.8125,Missing Tooth Tongue Two,33.3,Eye Three,27.75,Digital Wine Glass,22.2,Neck Electronics,20.8125,Party Hat,22.2,None,12.33333333
00167,332.0737485,31,Pinot Noir,37,Broomstick,17.52631579,Red,19.58823529,Junior Ninja Robe,33.3,Silver Teeth Tongue Four,111,Eye Three  Blue,47.57142857,Birthday Glass,20.8125,Goatee,12.33333333,Party Hat,22.2,Diamond,10.74193548
00168,244.4121147,190,Peach Fuzz,27.75,None,1.640394089,Purple,10.74193548,Green Polo,23.78571429,Nasty Teeth Tongue Two,83.25,Digital Eye,27.75,Red Wine Glass,12.80769231,Pipe,19.58823529,Broken Horns,25.61538462,Ruby,11.48275862
00169,259.5244375,140,Hot Summer,37,None,1.640394089,Pink,23.78571429,Formal Suit,15.85714286,Sharp Teeth Tongue Five,33.3,Eye One  Purple,20.8125,Martini,11.48275862,Nose Ring,12.80769231,Curled Horns,19.58823529,Pumpkin,83.25
00170,257.7810041,148,Drop in the Mustard,37,Broomstick,17.52631579,Sea Form,16.65,Anime Armor,30.27272727,Perfect Teeth Tongue Five,23.78571429,Over 9000 Eye Piece,30.27272727,Birthday Glass,20.8125,Corn Cob Pipe,11.48275862,ERGoat Ball Cap,55.5,Peace Sign,14.47826087
00171,212.6917723,289,Shipyard,30.27272727,None,1.640394089,Sea Form,16.65,Army Formal Suit,20.8125,Silver Teeth Tongue Five,47.57142857,Eye Three  Green,27.75,Wooden Beer Stein,13.875,Nose Ring,12.80769231,Unicorn Horn,23.78571429,Corkscrew,17.52631579
00172,204.5019783,303,Corriander Spice,22.2,Rainbow Wings,33.3,Burning Red,11.89285714,Tie Dye TShirt,19.58823529,Chiclet Teeth Tongue One,47.57142857,Eye One  Green,14.47826087,Red Wine Glass,12.80769231,Goatee,12.33333333,Hippie Horns,19.58823529,Diamond,10.74193548
00173,262.0466574,134,Shipyard,30.27272727,None,1.640394089,Dark Blue,22.2,Orange Master Ninja Robe,41.625,Perfect Teeth Tongue Three,33.3,Scarred Eye,33.3,White Wine Glass,15.85714286,Blue Goatee,19.58823529,Gold Horns,55.5,Single Hoop,8.763157895
00174,253.2820478,156,Bubble Gum,41.625,None,1.640394089,Dark Blue,22.2,Pink Polo,33.3,Perfect Teeth Tongue Five,23.78571429,Eye One  Green,14.47826087,ERGoat Wine Bottle,10.40625,Gold Neck Electronics,41.625,Armored Mask Curled Horns,47.57142857,Silver Ergo,16.65
00175,230.7514501,236,Shipyard,30.27272727,None,1.640394089,Burgundy,17.52631579,Formal Suit,15.85714286,Chiclet Teeth Tongue Four,33.3,Eye Three,27.75,Dark Flower,16.65,Soul Patch,41.625,Martial Arts Ergo Headband,30.27272727,MultiHoops,15.85714286
00176,217.6133191,270,Sorbet,41.625,None,1.640394089,Zombie Green,25.61538462,Holy Robe,30.27272727,Missing Tooth Tongue Two,33.3,Over 9000 Eye Piece,30.27272727,Martini,11.48275862,Corn Cob Pipe,11.48275862,Curled Horns,19.58823529,None,12.33333333
00177,368.306837,17,Royal Lion,66.6,Red Ninja Swords,27.75,Blue,10.74193548,Purple Tank Top,22.2,Perfect Teeth Tongue Five,23.78571429,Eye Three  Blue,47.57142857,Wand,83.25,Corn Cob Pipe,11.48275862,Armored Mask,41.625,Dark Flower,33.3
00178,295.1934649,74,Full Moon,20.8125,Red Surf Board,20.8125,Burgundy,17.52631579,Ripped Business Suit,33.3,Missing Tooth Tongue Four,83.25,Eye One  Purple,20.8125,Water Glass,17.52631579,Goatee,12.33333333,Wizard Hat,55.5,Gold Ergo,13.32
00179,373.4243227,15,Pinot Noir,37,None,1.640394089,Sea Form,16.65,Sport Coat,33.3,Chiclet Teeth Silver Tongue,83.25,Eye One  Blue,16.65,Wand,83.25,Brown Mutton Chops and Goatee,20.8125,ERGoat Pope Hat,47.57142857,Dark Flower,33.3
00180,261.2063906,135,Burnt Citrus,37,None,1.640394089,Silver,25.61538462,Tank Top,27.75,Chiclet Teeth Tongue Four,33.3,Dark Eye,37,Digital Wine Glass,22.2,Brown Mutton Chops and Goatee,20.8125,Mad Top Hat,30.27272727,Bent Nail,25.61538462
00181,215.7225854,278,Pink Lemonade,25.61538462,None,1.640394089,Dark,18.5,Blue Polo,37,Perfect Teeth Tongue Five,23.78571429,Glasses,33.3,Tie Dye Glass,16.65,Magical Scar,19.58823529,Unicorn Horn,23.78571429,MultiHoops,15.85714286
00182,217.3012651,271,Peach Fuzz,27.75,Red Surf Board,20.8125,Dark Blue,22.2,Formal Suit,15.85714286,Silver Teeth Tongue Three,27.75,Monocle,37,Drunken Master Gourd,20.8125,Corn Cob Pipe,11.48275862,Standard Horns,15.13636364,Rainbow Ergo,18.5
00183,259.0397104,141,Quiet Moment,37,Blue Surf Board,20.8125,Pink,23.78571429,Blue Polo,37,Missing Tooth Silver Tongue,37,Eye One  Purple,20.8125,Cthulhu Wine Glass,27.75,Pipe,19.58823529,Brown Hair,20.8125,Peace Sign,14.47826087
00184,1143.858754,3,Space,333,None,1.640394089,Anime Blue,333,Anime Armor,30.27272727,Sharp Teeth Tongue Three,30.27272727,Over 9000 Eye Piece,30.27272727,None,333,None,9.794117647,Black Hair,30.27272727,None,12.33333333
00185,243.295027,196,Yacht,33.3,None,1.640394089,Orange,15.13636364,Black Master Ninja Robe,41.625,Missing Tooth Tongue Two,33.3,Eye Three,27.75,Drunken Master Gourd,20.8125,Pink Goatee,18.5,Broken Horns,25.61538462,Bent Nail,25.61538462
00186,223.9922369,254,Fresh Squeezed,33.3,None,1.640394089,Orange,15.13636364,Orange Tank Top,27.75,Sharp Teeth Tongue Four,66.6,Eye Four  Orange,19.58823529,ERGoat Wine Bottle,10.40625,Pink Goatee,18.5,Curled Horns,19.58823529,Ruby,11.48275862
00187,345.5711905,25,Sunset,33.3,Blue Surf Board,20.8125,Blue Surfer,13.32,Junior Ninja Robe,33.3,Silver Teeth Tongue Five,47.57142857,Scarred Eye,33.3,Birthday Glass,20.8125,Goatee,12.33333333,Armored Mask Curled Horns,47.57142857,Pumpkin,83.25
00188,293.3052044,75,Peach Fuzz,27.75,Blue Surf Board,20.8125,Sea Form,16.65,Tie Dye TShirt,19.58823529,Sharp Teeth Tongue One,111,Bloodshot Eye,30.27272727,Shrimp and White Wine Glass,15.85714286,Blue Goatee,19.58823529,Standard Horns,15.13636364,Silver Ergo,16.65
00189,314.3699662,48,Quiet Moment,37,None,1.640394089,Pink,23.78571429,Formal Suit,15.85714286,Missing Tooth Gold Tongue,47.57142857,Eye Three  Orange,19.58823529,Drunken Master Gourd,20.8125,Pipe,19.58823529,Spikey Silver Hair,111,Corkscrew,17.52631579
00190,219.5856948,263,Peach Fuzz,27.75,None,1.640394089,Dark,18.5,Tank Top,27.75,Gold Teeth Tongue Four,47.57142857,Eye Four  Purple,22.2,Hand Gun,23.78571429,Brown Mutton Chops and Goatee,20.8125,Brown Hair,20.8125,Single Hoop,8.763157895
00191,262.2628155,133,Hot Summer,37,None,1.640394089,Purple,10.74193548,Orange Tank Top,27.75,Perfect Teeth Tongue Two,55.5,Eye Three,27.75,Martini,11.48275862,Gold Neck Electronics,41.625,Mad Top Hat,30.27272727,Rainbow Ergo,18.5
00192,248.364609,174,Monster Eye,37,None,1.640394089,Green,22.2,Pink Polo,33.3,Chiclet Teeth Tongue One,47.57142857,Eye Three  Orange,19.58823529,Water Glass,17.52631579,Cigar,22.2,Curled Horns,19.58823529,Red Balloon,27.75
00193,256.4663088,151,Corriander Spice,22.2,None,1.640394089,Orange,15.13636364,Tie Dye TShirt,19.58823529,Chiclet Teeth Silver Tongue,83.25,Eye One  Purple,20.8125,Magnifying Glass,33.3,Cork,20.8125,Party Hat,22.2,Corkscrew,17.52631579
00194,347.7479437,24,Corriander Spice,22.2,Blue Wings,30.27272727,Orange,15.13636364,Sherlock Suit,47.57142857,Sharp Teeth Tongue One,111,Bloodshot Eye,30.27272727,Digital Wine Glass,22.2,Gold Neck Electronics,41.625,Standard Horns,15.13636364,None,12.33333333
00195,217.7656802,267,Yacht,33.3,None,1.640394089,Blue Surfer,13.32,Formal Suit,15.85714286,Gold Teeth Tongue Three,37,Eye Three,27.75,Magnifying Glass,33.3,Pink Goatee,18.5,Blue Hair,25.61538462,Ruby,11.48275862
00196,237.2548609,211,Art Studio,33.3,None,1.640394089,Red,19.58823529,After Hours Robe,20.8125,Chiclet Teeth Gold Tongue,66.6,Eye Three  Green,27.75,Hand Gun,23.78571429,Corn Cob Pipe,11.48275862,Flower Power Headband,20.8125,Ruby,11.48275862
00197,247.0543988,180,Quiet Moment,37,None,1.640394089,Green,22.2,None,23.78571429,Chiclet Teeth Tongue One,47.57142857,Over 9000 Eye Piece,30.27272727,ERGoat Wine Bottle,10.40625,Halo,27.75,Flower Power Headband,20.8125,Bent Nail,25.61538462
00198,282.1564077,92,Pink Lemonade,25.61538462,None,1.640394089,Sea Form,16.65,Black Ninja Robe,25.61538462,Gold Teeth Tongue Five,66.6,Eye Two  Blue,47.57142857,Water Glass,17.52631579,Neck Electronics,20.8125,Armored Mask,41.625,Rainbow Ergo,18.5
00199,265.1066745,127,Sorbet,41.625,None,1.640394089,Blue,10.74193548,After Hours Robe,20.8125,Chiclet Teeth Tongue Two,83.25,Dark Eye,37,Dark Flower,16.65,None,9.794117647,Black Hair,30.27272727,Gold Ergo,13.32
00200,267.9457779,120,Yacht,33.3,None,1.640394089,Red,19.58823529,Orange Ninja Robe,30.27272727,Silver Teeth Tongue One,66.6,Eye Patch,33.3,White Wine Glass,15.85714286,Magical Scar,19.58823529,Martial Arts Ergo Headband,30.27272727,Corkscrew,17.52631579
00201,203.09713,307,Dead Island,22.2,None,1.640394089,Blue Surfer,13.32,Black Master Ninja Robe,41.625,Sharp Teeth Silver Tongue,37,Eye Four  Green,18.5,ERGoat Wine Bottle,10.40625,Corn Cob Pipe,11.48275862,Mad Top Hat,30.27272727,Silver Ergo,16.65
00202,270.7138726,114,Toy Story,47.57142857,None,1.640394089,Orange,15.13636364,Purple Tank Top,22.2,Nasty Teeth Silver Tongue,83.25,Eye Three  Orange,19.58823529,Digital Wine Glass,22.2,None,9.794117647,Silver Horns,37,None,12.33333333
00203,183.8935441,330,Full Moon,20.8125,None,1.640394089,Zombie Green,25.61538462,Purple Tank Top,22.2,Perfect Teeth Tongue Five,23.78571429,Eye One  Blue,16.65,Wooden Beer Stein,13.875,Blue Goatee,19.58823529,Party Hat,22.2,Corkscrew,17.52631579
00204,336.3075779,28,Drop in the Mustard,37,None,1.640394089,Blue,10.74193548,Holy Robe,30.27272727,Missing Tooth Tongue Three,66.6,Silver Eye,47.57142857,Golden Goblet,47.57142857,Pipe,19.58823529,Devil Horns,27.75,Pink Balloon,47.57142857
00205,223.3935309,256,Pool,23.78571429,None,1.640394089,Green,22.2,Orange Tank Top,27.75,Nasty Teeth Tongue Three,27.75,Silver Eye,47.57142857,Wooden Beer Stein,13.875,Halo,27.75,Hippie Horns,19.58823529,Ruby,11.48275862
00206,223.4406135,255,Shallow Sea,30.27272727,None,1.640394089,Dark Blue,22.2,Orange Master Ninja Robe,41.625,Missing Tooth Tongue Five,33.3,Eye Four  Blue,23.78571429,Tiki Glass,16.65,Neck Scar,25.61538462,Curled Horns,19.58823529,Single Hoop,8.763157895
00207,203.4700344,305,Super Soft Birthday,37,None,1.640394089,Yellow,15.13636364,Formal Suit,15.85714286,Sharp Teeth Tongue Three,30.27272727,Monocle,37,Tie Dye Glass,16.65,Nose Ring,12.80769231,Unicorn Horn,23.78571429,Gold Ergo,13.32
00208,199.3891915,315,Art Studio,33.3,None,1.640394089,Sea Form,16.65,Orange Ninja Robe,30.27272727,Sharp Teeth Tongue Five,33.3,Eye One  Blue,16.65,ERGoat Wine Bottle,10.40625,Neck Electronics,20.8125,Blue Hair,25.61538462,Diamond,10.74193548
00209,248.1640812,175,Pool,23.78571429,Red Ninja Swords,27.75,Burgundy,17.52631579,After Hours Robe,20.8125,Nasty Teeth Tongue Three,27.75,Eye One  Orange,18.5,Water Glass,17.52631579,Soul Patch,41.625,Hippie Horns,19.58823529,Dark Flower,33.3
00210,248.6827688,173,Tangarine Dream,33.3,Rainbow Wings,33.3,Purple,10.74193548,After Hours Robe,20.8125,Sharp Teeth Tongue Four,66.6,Eye One  Purple,20.8125,Tiki Glass,16.65,Goatee,12.33333333,Flower Power Headband,20.8125,Gold Ergo,13.32
00211,217.1173421,273,Dead Island,22.2,None,1.640394089,Sea Form,16.65,Anime Armor,30.27272727,Perfect Teeth Tongue Five,23.78571429,Eye Three  Green,27.75,White Wine Glass,15.85714286,Carrot,41.625,Party Hat,22.2,Pearl,15.13636364
00212,278.1497613,100,Watermelon Man,37,Blue Wings,30.27272727,Red,19.58823529,Orange Master Ninja Robe,41.625,Sharp Teeth Tongue Three,30.27272727,Eye One  Orange,18.5,White Wine Glass,15.85714286,Cork,20.8125,Armored Mask Curled Horns,47.57142857,Silver Ergo,16.65
00213,278.4436843,99,Pink Lemonade,25.61538462,None,1.640394089,Burning Red,11.89285714,Dumb Orange Suit,47.57142857,Nasty Teeth Tongue Five,83.25,Rose Colored Glasses,33.3,Dark Flower,16.65,Neck Scar,25.61538462,Hippie Horns,19.58823529,Gold Ergo,13.32
00214,178.557382,333,Yacht,33.3,None,1.640394089,Orange,15.13636364,Formal Suit,15.85714286,Nasty Teeth Tongue Three,27.75,Eye Three  Orange,19.58823529,ERGoat Wine Bottle,10.40625,Pipe,19.58823529,Flower Power Headband,20.8125,Peace Sign,14.47826087
00215,297.566006,71,Sorbet,41.625,None,1.640394089,Silver,25.61538462,Ripped Formal Suit,66.6,Chiclet Teeth Tongue Three,27.75,Bloodshot Eye,30.27272727,Cthulhu Wine Glass,27.75,Brown Mutton Chops and Goatee,20.8125,Feather Hat,27.75,Red Balloon,27.75
00216,183.7966796,331,Drop in the Mustard,37,None,1.640394089,Burning Red,11.89285714,Black Ninja Robe,25.61538462,Perfect Teeth Tongue Five,23.78571429,Eye One  Green,14.47826087,Birthday Glass,20.8125,Goatee,12.33333333,Curled Horns,19.58823529,Silver Ergo,16.65
00217,325.4208658,39,Sorbet,41.625,Broomstick,17.52631579,Blue,10.74193548,Funeral Suit,30.27272727,Silver Teeth Tongue One,66.6,Eye Four  Purple,22.2,White Wine Glass,15.85714286,Green Goatee,17.52631579,Wizard Hat,55.5,Pink Balloon,47.57142857
00218,304.2403729,60,Tangarine Dream,33.3,Broomstick,17.52631579,Red,19.58823529,Purple Tank Top,22.2,Nasty Teeth Tongue Two,83.25,Eye Patch,33.3,ERGoat Wine Bottle,10.40625,Neck Scar,25.61538462,Top Hat,47.57142857,Ruby,11.48275862
00219,263.8995966,130,Lion Heart,41.625,Broomstick,17.52631579,Blue,10.74193548,Funeral Suit,30.27272727,Missing Tooth Tongue Five,33.3,Eye One  Green,14.47826087,Golden ERGoat Scepter,55.5,Brown Mutton Chops and Goatee,20.8125,Unicorn Horn,23.78571429,MultiHoops,15.85714286
00220,242.9442195,198,Sunset,33.3,Medieval Sword,14.47826087,Barney,15.85714286,Purple Tank Top,22.2,Silver Teeth Tongue Three,27.75,Eye One  Purple,20.8125,Water Glass,17.52631579,Cigar,22.2,ERGoat Ball Cap,55.5,Gold Ergo,13.32
00221,327.4917293,36,Dead Island,22.2,Dark Wings,41.625,Burning Red,11.89285714,None,23.78571429,Nasty Teeth Tongue Two,83.25,Ergo Eye Patch,27.75,Wooden Beer Stein,13.875,Halo,27.75,Spiky Black Hair,66.6,Single Hoop,8.763157895
00222,188.394504,325,Full Moon,20.8125,None,1.640394089,Burning Red,11.89285714,After Hours Robe,20.8125,Gold Teeth Tongue Three,37,Eye Two  Orange,37,ERGoat Wine Bottle,10.40625,None,9.794117647,Black Hair,30.27272727,Single Hoop,8.763157895
00223,261.20053,136,Lion Heart,41.625,None,1.640394089,Barney,15.85714286,Ripped Business Suit,33.3,Chiclet Teeth Gold Tongue,66.6,Ergo Eye Patch,27.75,Shrimp and White Wine Glass,15.85714286,Nose Ring,12.80769231,Drill Sergeant Hat,37,Single Hoop,8.763157895
00224,201.1012773,312,Drop in the Mustard,37,None,1.640394089,Yellow,15.13636364,Business Suit,20.8125,Sharp Teeth Silver Tongue,37,Rose Colored Glasses,33.3,Red Wine Glass,12.80769231,Corn Cob Pipe,11.48275862,Curled Horns,19.58823529,None,12.33333333
00225,437.2613356,11,Shallow Sea,30.27272727,None,1.640394089,Gold,111,Digital Tank Top,111,Silver Teeth Tongue Three,27.75,Eye Four  Blue,23.78571429,Digital Wine Glass,22.2,Cork,20.8125,Gold Horns,55.5,Dark Flower,33.3
00226,227.2616904,249,Lion Heart,41.625,None,1.640394089,Yellow,15.13636364,Tank Top,27.75,Gold Teeth Tongue One,37,Eye Four  Orange,19.58823529,Wooden Beer Stein,13.875,Goatee,12.33333333,Top Hat,47.57142857,Diamond,10.74193548
00227,230.3456802,238,Toy Story,47.57142857,None,1.640394089,Burning Red,11.89285714,Black Ninja Robe,25.61538462,Missing Tooth Silver Tongue,37,Eye Four  Green,18.5,Hand Gun,23.78571429,Corn Cob Pipe,11.48275862,Sherlock Hat,37,MultiHoops,15.85714286
00228,1179.132256,2,London,333,None,1.640394089,Investigative Blue,333,Sherlock Suit,47.57142857,Perfect Teeth Tongue Three,33.3,Eye Three Red,333,Magnifying Glass,33.3,None,9.794117647,Sherlock Hat,37,Corkscrew,17.52631579
00229,311.6689983,50,Island in the Sun,27.75,Red Surf Board,20.8125,Barney,15.85714286,Digital Tank Top,111,Silver Teeth Silver Tongue,41.625,Eye Four  Orange,19.58823529,ERGoat Wine Bottle,10.40625,Pink Goatee,18.5,Mad Top Hat,30.27272727,MultiHoops,15.85714286
00230,324.1667887,40,Fresh Squeezed,33.3,Gold Wings,83.25,Sea Form,16.65,Green Tank Top,25.61538462,Sharp Teeth Tongue Two,55.5,Eye One  Green,14.47826087,Dark Flower,16.65,Corn Cob Pipe,11.48275862,Broken Horns,25.61538462,Blue Balloon,41.625
00231,306.0953482,56,Yacht,33.3,None,1.640394089,Blue Surfer,13.32,Dumber Blue Suit,47.57142857,Silver Teeth Tongue Four,111,Scarred Eye,33.3,ERGoat Wine Bottle,10.40625,None,9.794117647,Drill Sergeant Hat,37,Single Hoop,8.763157895
00232,246.3196671,183,Island in the Sun,27.75,Red Ninja Swords,27.75,Sea Form,16.65,Orange Master Ninja Robe,41.625,Missing Tooth Tongue One,33.3,Monocle,37,Red Wine Glass,12.80769231,None,9.794117647,Unicorn Horn,23.78571429,MultiHoops,15.85714286
00233,283.2275139,91,Lion Heart,41.625,Medieval Sword,14.47826087,Dark Blue,22.2,After Hours Robe,20.8125,Sharp Teeth Tongue Two,55.5,Eye Two  Blue,47.57142857,ERGoat Wine Bottle,10.40625,Green Goatee,17.52631579,Sawed Off Horns,41.625,Ruby,11.48275862
00234,313.7382353,49,Ribeye,41.625,Red Surf Board,20.8125,Dark,18.5,Army Formal Suit,20.8125,Gold Teeth Tongue One,37,Eye One  Blue,16.65,Wooden Beer Stein,13.875,Blue Goatee,19.58823529,Sawed Off Horns,41.625,Pumpkin,83.25
00235,209.2894883,296,Lion Heart,41.625,None,1.640394089,Green,22.2,Army Formal Suit,20.8125,Missing Tooth Tongue Five,33.3,Eye One  Green,14.47826087,Dark Flower,16.65,Goatee,12.33333333,Devil Horns,27.75,Rainbow Ergo,18.5
00236,296.1995795,72,Pinot Noir,37,None,1.640394089,Orange,15.13636364,Sherlock Suit,47.57142857,Chiclet Teeth Tongue Two,83.25,Eye Four  Orange,19.58823529,Wooden Beer Stein,13.875,Carrot,41.625,Feather Hat,27.75,Single Hoop,8.763157895
00237,273.0006981,112,Hot Summer,37,Blue Wings,30.27272727,Burning Red,11.89285714,Blue Polo,37,Nasty Teeth Silver Tongue,83.25,Eye One  Green,14.47826087,Martini,11.48275862,Goatee,12.33333333,Brown Hair,20.8125,Peace Sign,14.47826087
00238,562.8155127,9,Chocolate Chip Mint,66.6,Medieval Sword,14.47826087,Burning Red,11.89285714,Green Polo,23.78571429,Sharp Teeth Tongue Three,30.27272727,Glasses,33.3,Digital Wine Glass,22.2,Nose Ring,12.80769231,Spikey Pink Hair,333,Peace Sign,14.47826087
00239,265.0185065,128,Lion Heart,41.625,Red Surf Board,20.8125,Sea Form,16.65,Tank Top,27.75,Perfect Teeth Tongue Five,23.78571429,Monocle,37,Wooden Beer Stein,13.875,Cork,20.8125,Party Hat Blue,47.57142857,Pearl,15.13636364
00240,288.8192959,85,Super Soft Birthday,37,Blue Wings,30.27272727,Sea Form,16.65,Orange Tank Top,27.75,Missing Tooth Tongue Two,33.3,Dark Eye,37,Magnifying Glass,33.3,Gold Neck Electronics,41.625,Hippie Horns,19.58823529,None,12.33333333
00241,224.5179401,252,Tangarine Dream,33.3,None,1.640394089,Orange,15.13636364,Anime Armor,30.27272727,Perfect Teeth Tongue One,33.3,Monocle,37,Red Wine Glass,12.80769231,Mutton Chops and Goatee,19.58823529,Blue Hair,25.61538462,MultiHoops,15.85714286
00242,369.39833,16,Apple Pop,55.5,None,1.640394089,Blue,10.74193548,Green Tank Top,25.61538462,Sharp Teeth Tongue One,111,Eye Three  Blue,47.57142857,Tiki Glass,16.65,Corn Cob Pipe,11.48275862,Top Hat,47.57142857,Blue Balloon,41.625
00243,331.8439491,32,Submarine,37,Broomstick,17.52631579,Gold,111,Green Tank Top,25.61538462,Gold Teeth Tongue Three,37,Rose Colored Glasses,33.3,Shrimp and White Wine Glass,15.85714286,None,9.794117647,Martial Arts Ergo Headband,30.27272727,Peace Sign,14.47826087
00244,318.6050466,43,Water World,66.6,Medieval Sword,14.47826087,Burning Red,11.89285714,After Hours Robe,20.8125,Missing Tooth Gold Tongue,47.57142857,Eye Two  Green,66.6,Dark Flower,16.65,Halo,27.75,Feather Hat,27.75,Rainbow Ergo,18.5
00245,235.6777682,212,Full Moon,20.8125,Blue Wings,30.27272727,Blue Surfer,13.32,Magic Robe,37,Sharp Teeth Tongue Three,30.27272727,Eye Four  Orange,19.58823529,Shrimp and White Wine Glass,15.85714286,Brown Mutton Chops and Goatee,20.8125,Sherlock Hat,37,Diamond,10.74193548
00246,214.7683092,283,Toy Story,47.57142857,None,1.640394089,Orange,15.13636364,None,23.78571429,Perfect Teeth Silver Tongue,33.3,Eye Three  Green,27.75,Water Glass,17.52631579,None,9.794117647,Unicorn Horn,23.78571429,Peace Sign,14.47826087
00247,259.7882158,139,Yacht,33.3,None,1.640394089,Dark,18.5,Green Polo,23.78571429,Missing Tooth Tongue Five,33.3,Eye Two  Purple,41.625,Hand Gun,23.78571429,Mutton Chops and Goatee,19.58823529,Wizard Hat,55.5,Single Hoop,8.763157895
00248,362.889673,19,Pink Lemonade,25.61538462,Medieval Sword,14.47826087,Orange,15.13636364,Blue Polo,37,Chiclet Teeth Tongue One,47.57142857,Eye Four  Green,18.5,Wand,83.25,Pipe,19.58823529,Curled Digital Horns,83.25,Rainbow Ergo,18.5
00249,250.1844468,166,Dead Island,22.2,Rainbow Wings,33.3,Burning Red,11.89285714,Formal Suit,15.85714286,Missing Tooth Tongue Three,66.6,Eye Four  Purple,22.2,Shrimp and White Wine Glass,15.85714286,Green Goatee,17.52631579,Black Hair,30.27272727,Peace Sign,14.47826087
00250,270.6816896,115,Shipyard,30.27272727,Blue Surf Board,20.8125,Burgundy,17.52631579,Pink Polo,33.3,Silver Teeth Tongue Five,47.57142857,Ergo Eye Patch,27.75,Wooden Beer Stein,13.875,Gold Neck Electronics,41.625,Broken Horns,25.61538462,None,12.33333333
00251,243.4852516,195,Easter,41.625,None,1.640394089,Orange,15.13636364,Orange Tank Top,27.75,Sharp Teeth Tongue Two,55.5,Eye Patch,33.3,Dark Flower,16.65,Magical Scar,19.58823529,Brown Hair,20.8125,Ruby,11.48275862
00252,289.6772714,82,Tangarine Dream,33.3,None,1.640394089,Yellow,15.13636364,Orange Master Ninja Robe,41.625,Chiclet Teeth Tongue Two,83.25,Eye Three  Orange,19.58823529,Water Glass,17.52631579,Mutton Chops and Goatee,19.58823529,Martial Arts Ergo Headband,30.27272727,Red Balloon,27.75
00253,210.1345381,295,Sorbet,41.625,None,1.640394089,Zombie Green,25.61538462,Formal Suit,15.85714286,Missing Tooth Tongue Two,33.3,Digital Eye,27.75,Shrimp and White Wine Glass,15.85714286,Green Goatee,17.52631579,Party Hat,22.2,Single Hoop,8.763157895
00254,185.5602077,328,Sunset,33.3,None,1.640394089,Blue,10.74193548,Formal Suit,15.85714286,Missing Tooth Silver Tongue,37,Eye One  Blue,16.65,Tie Dye Glass,16.65,Magical Scar,19.58823529,Flower Power Headband,20.8125,Gold Ergo,13.32
00255,342.7330535,26,Corriander Spice,22.2,Medieval Sword,14.47826087,Blue,10.74193548,Dumber Blue Suit,47.57142857,Gold Teeth Tongue Five,66.6,Eye Two  Purple,41.625,Golden Goblet,47.57142857,Carrot,41.625,Sherlock Hat,37,Gold Ergo,13.32
00256,258.913743,142,Swamp Gas,47.57142857,Medieval Sword,14.47826087,Blue,10.74193548,Tank Top,27.75,Gold Teeth Tongue Four,47.57142857,Eye Four  Green,18.5,Red Wine Glass,12.80769231,Magical Scar,19.58823529,ERGoat Pope Hat,47.57142857,None,12.33333333
00257,349.9054142,22,Dead Island,22.2,Red Surf Board,20.8125,Barney,15.85714286,Formal Suit,15.85714286,Gold Teeth Silver Tongue,111,Eye Four  Green,18.5,ERGoat Wine Bottle,10.40625,None,9.794117647,Spikey Silver Hair,111,Peace Sign,14.47826087
00258,211.4796908,294,Pool,23.78571429,None,1.640394089,Silver,25.61538462,Black Ninja Robe,25.61538462,Nasty Teeth Tongue Three,27.75,Eye Four  Blue,23.78571429,Birthday Glass,20.8125,Magical Scar,19.58823529,Feather Hat,27.75,Pearl,15.13636364
00259,201.5836368,311,Dead Island,22.2,None,1.640394089,Yellow,15.13636364,Holy Robe,30.27272727,Perfect Teeth Silver Tongue,33.3,Eye Four  Purple,22.2,Martini,11.48275862,Mutton Chops and Goatee,19.58823529,Red Ball Cap,37,Single Hoop,8.763157895
00260,203.2477516,306,Lion Heart,41.625,None,1.640394089,Orange,15.13636364,After Hours Robe,20.8125,Chiclet Teeth Tongue Four,33.3,Eye One  Blue,16.65,Drunken Master Gourd,20.8125,Cigar,22.2,Curled Horns,19.58823529,Ruby,11.48275862
00261,215.6075455,279,Submarine,37,Broomstick,17.52631579,Green,22.2,Green Polo,23.78571429,Silver Teeth Silver Tongue,41.625,Eye One  Orange,18.5,Martini,11.48275862,Mutton Chops and Goatee,19.58823529,Standard Horns,15.13636364,Single Hoop,8.763157895
00262,255.3980399,152,Corriander Spice,22.2,None,1.640394089,Blue Surfer,13.32,Formal Suit,15.85714286,Gold Teeth Tongue Two,66.6,Eye Two  Orange,37,Digital Wine Glass,22.2,Corn Cob Pipe,11.48275862,ERGoat Pope Hat,47.57142857,Corkscrew,17.52631579
00263,229.9459586,239,Full Moon,20.8125,Blue Surf Board,20.8125,Barney,15.85714286,After Hours Robe,20.8125,Missing Tooth Silver Tongue,37,Eye Patch,33.3,Digital Wine Glass,22.2,Cork,20.8125,Flower Power Headband,20.8125,Corkscrew,17.52631579
00264,275.5591311,110,Corriander Spice,22.2,None,1.640394089,Sea Form,16.65,Ripped Funeral Suit,47.57142857,Nasty Teeth Tongue Two,83.25,Eye Two  Orange,37,Dark Flower,16.65,Goatee,12.33333333,Green Hair,23.78571429,Peace Sign,14.47826087
00265,229.7794582,242,Toy Story,47.57142857,None,1.640394089,Burning Red,11.89285714,Tie Dye TShirt,19.58823529,Missing Tooth Tongue Two,33.3,Eye Patch,33.3,Wooden Beer Stein,13.875,Neck Electronics,20.8125,Martial Arts Ergo Headband,30.27272727,Corkscrew,17.52631579
00266,250.2982722,165,Super Soft Birthday,37,None,1.640394089,Sea Form,16.65,Pink Polo,33.3,Missing Tooth Tongue One,33.3,Eye One  Blue,16.65,Shrimp and White Wine Glass,15.85714286,Cork,20.8125,Hippie Horns,19.58823529,Spider,55.5
00267,2100.399832,1,Darkness Shimmer,333,Gold Shimmer Wings,333,Gold Shimmer,333,None,23.78571429,Gold Shimmer,333,Gold Shimmer,333,Golden ERGoat Scepter,55.5,None,9.794117647,Gold Shimmer Horns,333,Gold Ergo,13.32
00268,213.9066209,285,Dead Island,22.2,None,1.640394089,Burning Red,11.89285714,Anime Armor,30.27272727,Sharp Teeth Tongue Three,30.27272727,Eye Four  Purple,22.2,Water Glass,17.52631579,Magical Scar,19.58823529,Armored Mask Curled Horns,47.57142857,Diamond,10.74193548
00269,316.8394724,45,Monster Eye,37,None,1.640394089,Sea Form,16.65,Pink Polo,33.3,Gold Teeth Tongue Four,47.57142857,Eye Four  Blue,23.78571429,Tie Dye Glass,16.65,Pink Goatee,18.5,Spikey Silver Hair,111,Diamond,10.74193548
00270,338.0817839,27,Pinot Noir,37,None,1.640394089,Burgundy,17.52631579,Ripped Business Suit,33.3,Silver Teeth Tongue Two,111,Glasses,33.3,Tie Dye Glass,16.65,Neck Scar,25.61538462,Top Hat,47.57142857,Peace Sign,14.47826087
00271,211.8622698,291,Pink Lemonade,25.61538462,Broomstick,17.52631579,Blue,10.74193548,Green Polo,23.78571429,Nasty Teeth Tongue One,37,Eye One  Blue,16.65,Red Wine Glass,12.80769231,Cork,20.8125,Black Hair,30.27272727,Silver Ergo,16.65
00272,239.9815897,204,Ribeye,41.625,None,1.640394089,Dark,18.5,Formal Suit,15.85714286,Gold Teeth Tongue One,37,Eye Three  Blue,47.57142857,White Wine Glass,15.85714286,None,9.794117647,Drill Sergeant Hat,37,Pearl,15.13636364
00273,211.8129209,292,Corriander Spice,22.2,None,1.640394089,Purple,10.74193548,Black Ninja Robe,25.61538462,Sharp Teeth Tongue Four,66.6,Eye One  Green,14.47826087,Hand Gun,23.78571429,Corn Cob Pipe,11.48275862,Unicorn Horn,23.78571429,Ruby,11.48275862
00274,250.7754216,162,Fresh Squeezed,33.3,None,1.640394089,Dark Blue,22.2,Tank Top,27.75,Gold Teeth Tongue Two,66.6,Eye Four  Green,18.5,Shrimp and White Wine Glass,15.85714286,Neck Electronics,20.8125,Broken Horns,25.61538462,Rainbow Ergo,18.5
00275,315.4687975,47,Lion Heart,41.625,None,1.640394089,Barney,15.85714286,Digital Tank Top,111,Chiclet Teeth Tongue Three,27.75,Eye Two  Orange,37,Shrimp and White Wine Glass,15.85714286,None,9.794117647,Armored Mask,41.625,Gold Ergo,13.32
00276,283.7801708,89,Bubble Gum,41.625,Blue Surf Board,20.8125,Green,22.2,Army Formal Suit,20.8125,Gold Teeth Tongue One,37,Eye Two  Purple,41.625,Cthulhu Wine Glass,27.75,Pipe,19.58823529,Armored Mask,41.625,Diamond,10.74193548
00277,272.9021359,113,Shallow Sea,30.27272727,Medieval Sword,14.47826087,Blue Surfer,13.32,None,23.78571429,Perfect Teeth Tongue One,33.3,Eye Four  Purple,22.2,Water Glass,17.52631579,None,9.794117647,Spiky Black Hair,66.6,Blue Balloon,41.625
00278,209.0098185,297,Pink Lemonade,25.61538462,Red Surf Board,20.8125,Silver,25.61538462,Tie Dye TShirt,19.58823529,Silver Teeth Tongue Three,27.75,Eye Four  Purple,22.2,Martini,11.48275862,Neck Scar,25.61538462,Hippie Horns,19.58823529,Diamond,10.74193548
00279,223.3568502,257,Corriander Spice,22.2,Red Surf Board,20.8125,Purple,10.74193548,Black Ninja Robe,25.61538462,Missing Tooth Tongue Two,33.3,Eye Four  Blue,23.78571429,Water Glass,17.52631579,Neck Electronics,20.8125,Brown Hair,20.8125,Red Balloon,27.75
00280,256.4852814,150,Pinot Noir,37,Ninja Swords,33.3,Dark Blue,22.2,Green Polo,23.78571429,Perfect Teeth Silver Tongue,33.3,Scarred Eye,33.3,Shrimp and White Wine Glass,15.85714286,Goatee,12.33333333,Mad Top Hat,30.27272727,Pearl,15.13636364
00281,231.2380459,231,Bubble Gum,41.625,Red Ninja Swords,27.75,Dark,18.5,Army Formal Suit,20.8125,Perfect Teeth Tongue One,33.3,Eye Four  Orange,19.58823529,ERGoat Wine Bottle,10.40625,Goatee,12.33333333,Martial Arts Ergo Headband,30.27272727,Silver Ergo,16.65
00282,245.7016525,184,Swamp Gas,47.57142857,None,1.640394089,Barney,15.85714286,Green Polo,23.78571429,Gold Teeth Tongue Two,66.6,Eye One  Green,14.47826087,Red Wine Glass,12.80769231,Corn Cob Pipe,11.48275862,Drill Sergeant Hat,37,Peace Sign,14.47826087
00283,242.5224995,199,Burnt Citrus,37,None,1.640394089,Zombie Green,25.61538462,Business Suit,20.8125,Missing Tooth Tongue One,33.3,Ergo Eye Patch,27.75,Shrimp and White Wine Glass,15.85714286,Carrot,41.625,Green Hair,23.78571429,Pearl,15.13636364
00284,202.2737557,308,Submarine,37,None,1.640394089,Blue,10.74193548,Pink Polo,33.3,Sharp Teeth Silver Tongue,37,Eye One  Green,14.47826087,Hand Gun,23.78571429,None,9.794117647,Party Hat,22.2,None,12.33333333
00285,258.1057499,146,Shallow Sea,30.27272727,None,1.640394089,Dark,18.5,Ripped Formal Suit,66.6,Perfect Teeth Tongue Two,55.5,Eye One  Orange,18.5,ERGoat Wine Bottle,10.40625,Blue Goatee,19.58823529,Blue Hair,25.61538462,Ruby,11.48275862
00286,265.7599659,125,Toy Story,47.57142857,None,1.640394089,Zombie Green,25.61538462,Sport Coat,33.3,Nasty Teeth Tongue Three,27.75,Eye Four  Purple,22.2,Digital Wine Glass,22.2,Pink Goatee,18.5,Gold Horns,55.5,Ruby,11.48275862
00287,235.5102077,213,Yacht,33.3,None,1.640394089,Blue Surfer,13.32,Dumb Orange Suit,47.57142857,Nasty Teeth Tongue Three,27.75,Eye Four  Blue,23.78571429,Birthday Glass,20.8125,Magical Scar,19.58823529,Sherlock Hat,37,Diamond,10.74193548
00288,244.4944775,188,Corriander Spice,22.2,None,1.640394089,Yellow,15.13636364,Army Formal Suit,20.8125,Silver Teeth Silver Tongue,41.625,Rose Colored Glasses,33.3,Hand Gun,23.78571429,Nose Ring,12.80769231,Blue Hair,25.61538462,Pink Balloon,47.57142857
00289,216.3978318,276,Full Moon,20.8125,None,1.640394089,Blue Surfer,13.32,Orange Ninja Robe,30.27272727,Chiclet Teeth Tongue Three,27.75,Digital Eye,27.75,Hand Gun,23.78571429,Pipe,19.58823529,Red Ball Cap,37,Peace Sign,14.47826087
00290,276.5512793,103,Dead Island,22.2,None,1.640394089,Yellow,15.13636364,Pink Polo,33.3,Nasty Teeth Gold Tongue,111,Eye Three  Green,27.75,Birthday Glass,20.8125,Cork,20.8125,Standard Horns,15.13636364,Single Hoop,8.763157895
00291,251.2232722,161,Tangarine Dream,33.3,None,1.640394089,Barney,15.85714286,Tie Dye TShirt,19.58823529,Chiclet Teeth Tongue Five,55.5,Ergo Eye Patch,27.75,Tie Dye Glass,16.65,Brown Mutton Chops and Goatee,20.8125,Sawed Off Horns,41.625,Rainbow Ergo,18.5
00292,228.7201964,244,Island in the Sun,27.75,Blue Surf Board,20.8125,Purple,10.74193548,Army Formal Suit,20.8125,Missing Tooth Silver Tongue,37,Ergo Eye Patch,27.75,Wooden Beer Stein,13.875,Pink Goatee,18.5,Red Ball Cap,37,Peace Sign,14.47826087
00293,225.8444692,250,Quiet Moment,37,None,1.640394089,Pink,23.78571429,Formal Suit,15.85714286,Nasty Teeth Tongue One,37,Scarred Eye,33.3,Drunken Master Gourd,20.8125,Pink Goatee,18.5,Blue Hair,25.61538462,None,12.33333333
00294,317.8606368,44,Sunset,33.3,Red Ninja Swords,27.75,Blue Surfer,13.32,Magic Robe,37,Missing Tooth Tongue Four,83.25,Eye Three  Orange,19.58823529,Birthday Glass,20.8125,Corn Cob Pipe,11.48275862,ERGoat Ball Cap,55.5,MultiHoops,15.85714286
00295,262.4094344,132,Shipyard,30.27272727,Ninja Swords,33.3,Red,19.58823529,After Hours Robe,20.8125,Sharp Teeth Tongue Three,30.27272727,Eye Patch,33.3,Martini,11.48275862,Corn Cob Pipe,11.48275862,Martial Arts Ergo Headband,30.27272727,Blue Balloon,41.625
00296,231.1816056,232,Peach Fuzz,27.75,None,1.640394089,Green,22.2,Green Polo,23.78571429,Silver Teeth Tongue Five,47.57142857,Eye Three  Orange,19.58823529,Birthday Glass,20.8125,Pink Goatee,18.5,Silver Horns,37,None,12.33333333
00297,257.3836359,149,Hot Summer,37,Red Surf Board,20.8125,Blue,10.74193548,Green Tank Top,25.61538462,Silver Teeth Silver Tongue,41.625,Ergo Eye Patch,27.75,Birthday Glass,20.8125,Pink Goatee,18.5,Sherlock Hat,37,Corkscrew,17.52631579
00298,232.6602658,226,Watermelon Man,37,Blue Surf Board,20.8125,Blue,10.74193548,Sport Coat,33.3,Chiclet Teeth Tongue Three,27.75,Eye Four  Orange,19.58823529,Hand Gun,23.78571429,Pipe,19.58823529,Broken Horns,25.61538462,Peace Sign,14.47826087
00299,228.2421572,245,Royal Lion,66.6,None,1.640394089,Silver,25.61538462,Tie Dye TShirt,19.58823529,Silver Teeth Tongue Three,27.75,Eye One  Blue,16.65,Dark Flower,16.65,Corn Cob Pipe,11.48275862,Broken Horns,25.61538462,Silver Ergo,16.65
00300,213.1828018,287,Super Soft Birthday,37,None,1.640394089,Burgundy,17.52631579,Orange Tank Top,27.75,Nasty Teeth Tongue Three,27.75,Eye Three,27.75,Martini,11.48275862,Cigar,22.2,Devil Horns,27.75,None,12.33333333
00301,305.9947943,57,Super Soft Birthday,37,None,1.640394089,Pink,23.78571429,Holy Robe,30.27272727,Gold Teeth Tongue Two,66.6,Eye One  Purple,20.8125,Shrimp and White Wine Glass,15.85714286,Green Goatee,17.52631579,Red Ball Cap,37,Spider,55.5
00302,280.3110539,95,Shipyard,30.27272727,Blue Surf Board,20.8125,Yellow,15.13636364,Black Master Ninja Robe,41.625,Perfect Teeth Tongue Four,47.57142857,Eye Two  Orange,37,Cthulhu Wine Glass,27.75,Neck Scar,25.61538462,Unicorn Horn,23.78571429,Diamond,10.74193548
00303,248.7829436,172,Art Studio,33.3,None,1.640394089,Burgundy,17.52631579,Green Polo,23.78571429,Sharp Teeth Tongue Three,30.27272727,Digital Eye,27.75,Magnifying Glass,33.3,Pink Goatee,18.5,ERGoat Pope Hat,47.57142857,Pearl,15.13636364
00304,233.4614788,222,Art Studio,33.3,Broomstick,17.52631579,Blue Surfer,13.32,Business Suit,20.8125,Chiclet Teeth Tongue Four,33.3,Bloodshot Eye,30.27272727,Water Glass,17.52631579,Cigar,22.2,Curled Horns,19.58823529,Bent Nail,25.61538462
00305,275.3142577,111,Island in the Sun,27.75,None,1.640394089,Sea Form,16.65,Sport Coat,33.3,Missing Tooth Tongue Four,83.25,Eye One  Orange,18.5,Dark Flower,16.65,Soul Patch,41.625,Flower Power Headband,20.8125,Pearl,15.13636364
00306,201.8692465,310,Pool,23.78571429,None,1.640394089,Purple,10.74193548,Sherlock Suit,47.57142857,Perfect Teeth Tongue Five,23.78571429,Eye Two  Orange,37,Martini,11.48275862,Corn Cob Pipe,11.48275862,Broken Horns,25.61538462,Single Hoop,8.763157895
00307,211.6969095,293,Island in the Sun,27.75,None,1.640394089,Red,19.58823529,Purple Tank Top,22.2,Perfect Teeth Tongue Five,23.78571429,Glasses,33.3,ERGoat Wine Bottle,10.40625,Pink Goatee,18.5,Silver Horns,37,Corkscrew,17.52631579
00308,237.2871157,210,Ribeye,41.625,None,1.640394089,Blue Surfer,13.32,After Hours Robe,20.8125,Chiclet Teeth Tongue Four,33.3,Silver Eye,47.57142857,ERGoat Wine Bottle,10.40625,Cork,20.8125,Martial Arts Ergo Headband,30.27272727,Corkscrew,17.52631579
00309,284.970226,87,Swamp Gas,47.57142857,None,1.640394089,Dark Blue,22.2,Orange Tank Top,27.75,Sharp Teeth Tongue Four,66.6,Eye Four  Purple,22.2,White Wine Glass,15.85714286,None,9.794117647,Unicorn Horn,23.78571429,Pink Balloon,47.57142857
00310,278.8181634,98,Shallow Sea,30.27272727,None,1.640394089,Green,22.2,Ripped Business Suit,33.3,Gold Teeth Tongue Four,47.57142857,Scarred Eye,33.3,White Wine Glass,15.85714286,Magical Scar,19.58823529,Hippie Horns,19.58823529,Spider,55.5
00311,268.1279925,119,Burnt Citrus,37,Rainbow Wings,33.3,Purple,10.74193548,Orange Master Ninja Robe,41.625,Missing Tooth Tongue One,33.3,Eye Four  Orange,19.58823529,Tiki Glass,16.65,Pipe,19.58823529,Party Hat Blue,47.57142857,Single Hoop,8.763157895
00312,316.4961633,46,Sunset,33.3,None,1.640394089,Zombie Green,25.61538462,Army Formal Suit,20.8125,Silver Teeth Tongue Two,111,Ergo Eye Patch,27.75,Cthulhu Wine Glass,27.75,Cigar,22.2,Flower Power Headband,20.8125,Bent Nail,25.61538462
00313,247.9660714,176,Full Moon,20.8125,Red Ninja Swords,27.75,Barney,15.85714286,Purple Tank Top,22.2,Gold Teeth Tongue Four,47.57142857,Eye One  Purple,20.8125,Tiki Glass,16.65,Neck Electronics,20.8125,Devil Horns,27.75,Red Balloon,27.75
00314,219.1749949,264,Sorbet,41.625,Medieval Sword,14.47826087,Orange,15.13636364,Tie Dye TShirt,19.58823529,Perfect Teeth Tongue Five,23.78571429,Eye Two  Purple,41.625,ERGoat Wine Bottle,10.40625,Cigar,22.2,Hippie Horns,19.58823529,Diamond,10.74193548
00315,281.5471647,94,Ribeye,41.625,None,1.640394089,Dark,18.5,Green Polo,23.78571429,Sharp Teeth Tongue Two,55.5,Ergo Eye Patch,27.75,Red Wine Glass,12.80769231,Carrot,41.625,Armored Mask Curled Horns,47.57142857,Diamond,10.74193548
00316,305.9744507,58,Sunset,33.3,Blue Wings,30.27272727,Red,19.58823529,Anime Armor,30.27272727,Gold Teeth Tongue Five,66.6,Eye Two  Orange,37,Tiki Glass,16.65,Cork,20.8125,Drill Sergeant Hat,37,Peace Sign,14.47826087
00317,302.6077408,61,Apple Pop,55.5,Ninja Swords,33.3,Silver,25.61538462,Tie Dye TShirt,19.58823529,Chiclet Teeth Tongue One,47.57142857,Eye Two  Purple,41.625,Dark Flower,16.65,Nose Ring,12.80769231,Party Hat,22.2,Red Balloon,27.75
00318,249.7877203,169,Easter,41.625,None,1.640394089,Dark Blue,22.2,Funeral Suit,30.27272727,Nasty Teeth Tongue Three,27.75,Glasses,33.3,Tiki Glass,16.65,Blue Goatee,19.58823529,Standard Horns,15.13636364,Blue Balloon,41.625
00319,244.4828491,189,Hot Summer,37,None,1.640394089,Purple,10.74193548,Orange Ninja Robe,30.27272727,Nasty Teeth Tongue Three,27.75,Eye Patch,33.3,Golden Goblet,47.57142857,Halo,27.75,Standard Horns,15.13636364,Gold Ergo,13.32
00320,234.9181863,216,Island in the Sun,27.75,None,1.640394089,Green,22.2,Dumber Blue Suit,47.57142857,Chiclet Teeth Tongue Three,27.75,Digital Eye,27.75,Magnifying Glass,33.3,Pink Goatee,18.5,Standard Horns,15.13636364,Gold Ergo,13.32
00321,243.6678916,194,Fresh Squeezed,33.3,None,1.640394089,Dark,18.5,Ripped Formal Suit,66.6,Chiclet Teeth Tongue Three,27.75,Eye Four  Blue,23.78571429,Wooden Beer Stein,13.875,Nose Ring,12.80769231,Black Hair,30.27272727,Pearl,15.13636364
00322,231.6522305,228,Art Studio,33.3,Broomstick,17.52631579,Yellow,15.13636364,Army Formal Suit,20.8125,Perfect Teeth Silver Tongue,33.3,Eye One  Purple,20.8125,Tie Dye Glass,16.65,Magical Scar,19.58823529,Red Ball Cap,37,Corkscrew,17.52631579
00323,284.3617556,88,Easter,41.625,Blue Surf Board,20.8125,Purple,10.74193548,Junior Ninja Robe,33.3,Perfect Teeth Tongue Three,33.3,Eye Two  Green,66.6,Birthday Glass,20.8125,Neck Scar,25.61538462,Brown Hair,20.8125,Diamond,10.74193548
00324,1106.338037,4,War,333,None,1.640394089,Camo Blue,333,Army Formal Suit,20.8125,Perfect Teeth Tongue Three,33.3,Eye One  Blue,16.65,Red Wine Glass,12.80769231,None,9.794117647,Drill Sergeant Hat With Horns,333,None,12.33333333
00325,199.3709066,316,Shallow Sea,30.27272727,None,1.640394089,Burning Red,11.89285714,Holy Robe,30.27272727,Nasty Teeth Tongue One,37,Eye Three  Orange,19.58823529,Dark Flower,16.65,Green Goatee,17.52631579,Green Hair,23.78571429,Diamond,10.74193548
00326,299.3705974,66,Dead Island,22.2,Rainbow Wings,33.3,Gold,111,Business Suit,20.8125,Perfect Teeth Tongue Three,33.3,Eye One  Green,14.47826087,Wooden Beer Stein,13.875,Corn Cob Pipe,11.48275862,Green Hair,23.78571429,Pearl,15.13636364
00327,292.6820945,78,Easter,41.625,None,1.640394089,Dark,18.5,Pink Polo,33.3,Silver Teeth Gold Tongue,66.6,Eye Three  Green,27.75,Water Glass,17.52631579,Pink Goatee,18.5,Armored Mask,41.625,Bent Nail,25.61538462
00328,252.6291249,157,Swamp Gas,47.57142857,Rainbow Wings,33.3,Green,22.2,Junior Ninja Robe,33.3,Perfect Teeth Tongue Five,23.78571429,Eye One  Green,14.47826087,Tie Dye Glass,16.65,Mutton Chops and Goatee,19.58823529,Mad Top Hat,30.27272727,Ruby,11.48275862
00329,275.7237993,109,Ribeye,41.625,Red Ninja Swords,27.75,Burgundy,17.52631579,Green Tank Top,25.61538462,Silver Teeth Tongue One,66.6,Eye Four  Orange,19.58823529,Cthulhu Wine Glass,27.75,Neck Electronics,20.8125,Standard Horns,15.13636364,Gold Ergo,13.32
00330,230.4548228,237,Full Moon,20.8125,Blue Surf Board,20.8125,Purple,10.74193548,Green Tank Top,25.61538462,Gold Teeth Tongue Five,66.6,Eye One  Green,14.47826087,White Wine Glass,15.85714286,Magical Scar,19.58823529,Brown Hair,20.8125,Pearl,15.13636364
00331,404.7084276,12,Apple Pop,55.5,Ninja Swords,33.3,Red,19.58823529,Purple Tank Top,22.2,Gold Teeth Silver Tongue,111,Eye Four  Green,18.5,Drunken Master Gourd,20.8125,Nose Ring,12.80769231,Curled Digital Horns,83.25,Red Balloon,27.75
00332,299.6513511,65,Burnt Citrus,37,Dark Wings,41.625,Pink,23.78571429,Tank Top,27.75,Nasty Teeth Silver Tongue,83.25,Eye Four  Green,18.5,Shrimp and White Wine Glass,15.85714286,Blue Goatee,19.58823529,Brown Hair,20.8125,Ruby,11.48275862
00333,331.8010508,33,Chocolate Chip Mint,66.6,None,1.640394089,Blue,10.74193548,Holy Robe,30.27272727,Gold Teeth Tongue Two,66.6,Eye Three  Orange,19.58823529,Martini,11.48275862,Gold Neck Electronics,41.625,Armored Mask,41.625,Blue Balloon,41.625